Start Date,Start Time,End Date,End Time,PlayerID,Table Name,Game Type,Table Type,Stakes
6/1/2017,4:01:02 AM,6/1/2017,4:07:19 AM,pmarr,Coast,Cash Game,Omaha - PL,$0.10/$0.25
6/1/2017,4:02:09 AM,6/1/2017,4:08:32 AM,pmarr,Christal,Cash Game,Omaha - PL,$0.10/$0.25
6/1/2017,4:03:16 AM,6/1/2017,4:09:45 AM,pmarr,Christer,Cash Game,Omaha - PL,$0.10/$0.25
6/1/2017,4:04:23 AM,6/1/2017,4:10:58 AM,pmarr,Christoph,Cash Game,Omaha - PL,$0.10/$0.25
6/1/2017,4:05:30 AM,6/1/2017,4:12:11 AM,pmarr,Chrystal,Cash Game,Omaha - PL,$0.10/$0.25
6/1/2017,4:06:37 AM,6/1/2017,4:13:24 AM,pmarr,Colleen,Cash Game,Omaha - PL,$0.10/$0.25
6/1/2017,4:07:44 AM,6/1/2017,4:14:37 AM,pmarr,Alison,Cash Game,Omaha - PL,$0.10/$0.25
6/1/2017,4:08:51 AM,6/1/2017,4:15:50 AM,pmarr,Cidero,Cash Game,Omaha - PL,$0.10/$0.25
6/1/2017,4:09:58 AM,6/1/2017,4:17:03 AM,pmarr,Cieran,Cash Game,Omaha - PL,$0.10/$0.25
6/1/2017,4:11:05 AM,6/1/2017,4:18:16 AM,pmarr,Connor,Cash Game,Omaha - PL,$0.10/$0.25
6/1/2017,4:12:12 AM,6/1/2017,4:19:29 AM,pmarr,Coast,Cash Game,Omaha - PL,$0.10/$0.25
6/1/2017,4:13:19 AM,6/1/2017,4:20:42 AM,pmarr,Christal,Cash Game,Omaha - PL,$0.10/$0.25
6/1/2017,4:14:26 AM,6/1/2017,4:21:55 AM,pmarr,Christer,Cash Game,Omaha - PL,$0.10/$0.25
6/1/2017,4:15:33 AM,6/1/2017,4:23:08 AM,pmarr,Christoph,Cash Game,Omaha - PL,$0.10/$0.25
6/1/2017,4:16:40 AM,6/1/2017,4:24:21 AM,pmarr,Chrystal,Cash Game,Omaha - PL,$0.10/$0.25
6/1/2017,4:17:47 AM,6/1/2017,4:25:34 AM,pmarr,Colleen,Cash Game,Omaha - PL,$0.10/$0.25
6/1/2017,4:18:54 AM,6/1/2017,4:26:47 AM,pmarr,Alison,Cash Game,Omaha - PL,$0.10/$0.25
6/1/2017,4:20:01 AM,6/1/2017,4:28:00 AM,pmarr,Cidero,Cash Game,Omaha - PL,$0.10/$0.25
6/1/2017,4:21:08 AM,6/1/2017,4:29:13 AM,pmarr,Cieran,Cash Game,Omaha - PL,$0.10/$0.25
6/1/2017,4:22:15 AM,6/1/2017,4:30:26 AM,pmarr,Connor,Cash Game,Omaha - PL,$0.10/$0.25
6/1/2017,4:23:22 AM,6/1/2017,4:31:39 AM,pmarr,Coast,Cash Game,Omaha - PL,$0.10/$0.25
6/1/2017,4:24:29 AM,6/1/2017,4:32:52 AM,pmarr,Christal,Cash Game,Omaha - PL,$0.10/$0.25
6/1/2017,4:25:36 AM,6/1/2017,4:34:05 AM,pmarr,Christer,Cash Game,Omaha - PL,$0.10/$0.25
6/1/2017,4:26:43 AM,6/1/2017,4:35:18 AM,pmarr,Christoph,Cash Game,Omaha - PL,$0.10/$0.25
6/1/2017,4:27:50 AM,6/1/2017,4:36:31 AM,pmarr,Chrystal,Cash Game,Omaha - PL,$0.10/$0.25
6/1/2017,4:28:57 AM,6/1/2017,4:37:44 AM,pmarr,Colleen,Cash Game,Omaha - PL,$0.10/$0.25
6/1/2017,4:30:04 AM,6/1/2017,4:38:57 AM,pmarr,Alison,Cash Game,Omaha - PL,$0.10/$0.25
6/1/2017,4:31:11 AM,6/1/2017,4:40:10 AM,pmarr,Cidero,Cash Game,Omaha - PL,$0.10/$0.25
6/1/2017,4:32:18 AM,6/1/2017,4:41:23 AM,pmarr,Cieran,Cash Game,Omaha - PL,$0.10/$0.25
6/1/2017,4:33:25 AM,6/1/2017,4:42:36 AM,pmarr,Connor,Cash Game,Omaha - PL,$0.10/$0.25
6/1/2017,4:34:32 AM,6/1/2017,4:43:49 AM,pmarr,Coast,Cash Game,Omaha - PL,$0.10/$0.25
6/1/2017,4:35:39 AM,6/1/2017,4:45:02 AM,pmarr,Christal,Cash Game,Omaha - PL,$0.10/$0.25
6/1/2017,4:36:46 AM,6/1/2017,4:46:15 AM,pmarr,Christer,Cash Game,Omaha - PL,$0.10/$0.25
6/1/2017,4:37:53 AM,6/1/2017,4:47:28 AM,pmarr,Christoph,Cash Game,Omaha - PL,$0.10/$0.25
6/1/2017,4:39:00 AM,6/1/2017,4:48:41 AM,pmarr,Chrystal,Cash Game,Omaha - PL,$0.10/$0.25
6/1/2017,4:40:07 AM,6/1/2017,4:49:54 AM,pmarr,Colleen,Cash Game,Omaha - PL,$0.10/$0.25
6/1/2017,4:41:14 AM,6/1/2017,4:51:07 AM,pmarr,Alison,Cash Game,Omaha - PL,$0.10/$0.25
6/1/2017,4:42:21 AM,6/1/2017,4:52:20 AM,pmarr,Cidero,Cash Game,Omaha - PL,$0.10/$0.25
6/1/2017,4:43:28 AM,6/1/2017,4:53:33 AM,pmarr,Cieran,Cash Game,Omaha - PL,$0.10/$0.25
6/1/2017,4:44:35 AM,6/1/2017,4:54:46 AM,pmarr,Connor,Cash Game,Omaha - PL,$0.10/$0.25
6/1/2017,4:45:42 AM,6/1/2017,4:55:59 AM,pmarr,Coast,Cash Game,Omaha - PL,$0.10/$0.25
6/1/2017,4:46:49 AM,6/1/2017,4:57:12 AM,pmarr,Christal,Cash Game,Omaha - PL,$0.10/$0.25
6/1/2017,4:47:56 AM,6/1/2017,4:58:25 AM,pmarr,Christer,Cash Game,Omaha - PL,$0.10/$0.25
6/1/2017,4:49:03 AM,6/1/2017,4:59:38 AM,pmarr,Christoph,Cash Game,Omaha - PL,$0.10/$0.25
6/1/2017,4:50:10 AM,6/1/2017,5:00:51 AM,pmarr,Chrystal,Cash Game,Omaha - PL,$0.10/$0.25
6/1/2017,4:51:17 AM,6/1/2017,5:02:04 AM,pmarr,Colleen,Cash Game,Omaha - PL,$0.10/$0.25
6/1/2017,4:52:24 AM,6/1/2017,5:03:17 AM,pmarr,Alison,Cash Game,Omaha - PL,$0.10/$0.25
6/1/2017,4:53:31 AM,6/1/2017,5:04:30 AM,pmarr,Cidero,Cash Game,Omaha - PL,$0.10/$0.25
6/1/2017,4:54:38 AM,6/1/2017,5:05:43 AM,pmarr,Cieran,Cash Game,Omaha - PL,$0.10/$0.25
6/1/2017,4:55:45 AM,6/1/2017,5:06:56 AM,pmarr,Connor,Cash Game,Omaha - PL,$0.10/$0.25
6/1/2017,4:56:52 AM,6/1/2017,5:08:09 AM,pmarr,Coast,Cash Game,Omaha - PL,$0.10/$0.25
6/1/2017,4:57:59 AM,6/1/2017,5:09:22 AM,pmarr,Christal,Cash Game,Omaha - PL,$0.10/$0.25
6/1/2017,4:59:06 AM,6/1/2017,5:10:35 AM,pmarr,Christer,Cash Game,Omaha - PL,$0.10/$0.25
6/1/2017,5:00:13 AM,6/1/2017,5:11:48 AM,pmarr,Christoph,Cash Game,Omaha - PL,$0.10/$0.25
6/1/2017,5:01:20 AM,6/1/2017,5:13:01 AM,pmarr,Chrystal,Cash Game,Omaha - PL,$0.10/$0.25
6/1/2017,5:02:27 AM,6/1/2017,5:14:14 AM,pmarr,Colleen,Cash Game,Omaha - PL,$0.10/$0.25
6/1/2017,5:03:34 AM,6/1/2017,5:15:27 AM,pmarr,Alison,Cash Game,Omaha - PL,$0.10/$0.25
6/1/2017,5:04:41 AM,6/1/2017,5:16:40 AM,pmarr,Cidero,Cash Game,Omaha - PL,$0.10/$0.25
6/1/2017,5:05:48 AM,6/1/2017,5:17:53 AM,pmarr,Cieran,Cash Game,Omaha - PL,$0.10/$0.25
6/1/2017,5:06:55 AM,6/1/2017,5:19:06 AM,pmarr,Connor,Cash Game,Omaha - PL,$0.10/$0.25
6/1/2017,5:08:02 AM,6/1/2017,5:20:19 AM,pmarr,Coast,Cash Game,Omaha - PL,$0.10/$0.25
6/1/2017,5:09:09 AM,6/1/2017,5:21:32 AM,pmarr,Christal,Cash Game,Omaha - PL,$0.10/$0.25
6/1/2017,5:10:16 AM,6/1/2017,5:22:45 AM,pmarr,Christer,Cash Game,Omaha - PL,$0.10/$0.25
6/1/2017,5:11:23 AM,6/1/2017,5:23:58 AM,pmarr,Christoph,Cash Game,Omaha - PL,$0.10/$0.25
6/1/2017,5:12:30 AM,6/1/2017,5:25:11 AM,pmarr,Chrystal,Cash Game,Omaha - PL,$0.10/$0.25
6/1/2017,5:13:37 AM,6/1/2017,5:26:24 AM,pmarr,Colleen,Cash Game,Omaha - PL,$0.10/$0.25
6/1/2017,5:14:44 AM,6/1/2017,5:27:37 AM,pmarr,Alison,Cash Game,Omaha - PL,$0.10/$0.25
6/1/2017,5:15:51 AM,6/1/2017,5:28:50 AM,pmarr,Cidero,Cash Game,Omaha - PL,$0.10/$0.25
6/1/2017,5:16:58 AM,6/1/2017,5:30:03 AM,pmarr,Cieran,Cash Game,Omaha - PL,$0.10/$0.25
6/1/2017,5:18:05 AM,6/1/2017,5:31:16 AM,pmarr,Connor,Cash Game,Omaha - PL,$0.10/$0.25
6/1/2017,5:19:12 AM,6/1/2017,5:32:29 AM,pmarr,Coast,Cash Game,Omaha - PL,$0.10/$0.25
6/1/2017,5:20:19 AM,6/1/2017,5:33:42 AM,pmarr,Christal,Cash Game,Omaha - PL,$0.10/$0.25
6/1/2017,5:21:26 AM,6/1/2017,5:34:55 AM,pmarr,Christer,Cash Game,Omaha - PL,$0.10/$0.25
6/1/2017,5:22:33 AM,6/1/2017,5:36:08 AM,pmarr,Christoph,Cash Game,Omaha - PL,$0.10/$0.25
6/1/2017,5:23:40 AM,6/1/2017,5:37:21 AM,pmarr,Chrystal,Cash Game,Omaha - PL,$0.10/$0.25
6/1/2017,5:24:47 AM,6/1/2017,5:38:34 AM,pmarr,Colleen,Cash Game,Omaha - PL,$0.10/$0.25
6/1/2017,5:25:54 AM,6/1/2017,5:39:47 AM,pmarr,Alison,Cash Game,Omaha - PL,$0.10/$0.25
6/1/2017,5:27:01 AM,6/1/2017,5:41:00 AM,pmarr,Cidero,Cash Game,Omaha - PL,$0.10/$0.25
6/1/2017,5:28:08 AM,6/1/2017,5:42:13 AM,pmarr,Cieran,Cash Game,Omaha - PL,$0.10/$0.25
6/1/2017,5:29:15 AM,6/1/2017,5:43:26 AM,pmarr,Connor,Cash Game,Omaha - PL,$0.10/$0.25
6/1/2017,5:30:22 AM,6/1/2017,5:44:39 AM,pmarr,Coast,Cash Game,Omaha - PL,$0.10/$0.25
6/1/2017,5:31:29 AM,6/1/2017,5:45:52 AM,pmarr,Christal,Cash Game,Omaha - PL,$0.10/$0.25
6/1/2017,5:32:36 AM,6/1/2017,5:47:05 AM,pmarr,Christer,Cash Game,Omaha - PL,$0.10/$0.25
6/1/2017,5:33:43 AM,6/1/2017,5:48:18 AM,pmarr,Christoph,Cash Game,Omaha - PL,$0.10/$0.25
6/1/2017,5:34:50 AM,6/1/2017,5:49:31 AM,pmarr,Chrystal,Cash Game,Omaha - PL,$0.10/$0.25
6/1/2017,5:35:57 AM,6/1/2017,5:50:44 AM,pmarr,Colleen,Cash Game,Omaha - PL,$0.10/$0.25
6/1/2017,5:37:04 AM,6/1/2017,5:51:57 AM,pmarr,Alison,Cash Game,Omaha - PL,$0.10/$0.25
6/1/2017,5:38:11 AM,6/1/2017,5:53:10 AM,pmarr,Cidero,Cash Game,Omaha - PL,$0.10/$0.25
6/1/2017,5:39:18 AM,6/1/2017,5:54:23 AM,pmarr,Cieran,Cash Game,Omaha - PL,$0.10/$0.25
6/1/2017,5:40:25 AM,6/1/2017,5:55:36 AM,pmarr,Connor,Cash Game,Omaha - PL,$0.10/$0.25
6/1/2017,5:41:32 AM,6/1/2017,5:56:49 AM,pmarr,Coast,Cash Game,Omaha - PL,$0.10/$0.25
6/1/2017,5:42:39 AM,6/1/2017,5:58:02 AM,pmarr,Christal,Cash Game,Omaha - PL,$0.10/$0.25
6/1/2017,5:43:46 AM,6/1/2017,5:59:15 AM,pmarr,Christer,Cash Game,Omaha - PL,$0.10/$0.25
6/1/2017,5:44:53 AM,6/1/2017,6:00:28 AM,pmarr,Christoph,Cash Game,Omaha - PL,$0.10/$0.25
6/1/2017,5:46:00 AM,6/1/2017,6:01:41 AM,pmarr,Chrystal,Cash Game,Omaha - PL,$0.10/$0.25
6/1/2017,5:47:07 AM,6/1/2017,6:02:54 AM,pmarr,Colleen,Cash Game,Omaha - PL,$0.10/$0.25
6/1/2017,5:48:14 AM,6/1/2017,6:04:07 AM,pmarr,Alison,Cash Game,Omaha - PL,$0.10/$0.25
6/1/2017,5:49:21 AM,6/1/2017,6:05:20 AM,pmarr,Cidero,Cash Game,Omaha - PL,$0.10/$0.25
6/1/2017,5:50:28 AM,6/1/2017,6:06:33 AM,pmarr,Cieran,Cash Game,Omaha - PL,$0.10/$0.25
6/1/2017,5:51:35 AM,6/1/2017,6:07:46 AM,pmarr,Connor,Cash Game,Omaha - PL,$0.10/$0.25
6/1/2017,5:52:42 AM,6/1/2017,6:08:59 AM,pmarr,Coast,Cash Game,Omaha - PL,$0.10/$0.25
6/1/2017,5:53:49 AM,6/1/2017,6:10:12 AM,pmarr,Christal,Cash Game,Omaha - PL,$0.10/$0.25
6/1/2017,5:54:56 AM,6/1/2017,6:11:25 AM,pmarr,Christer,Cash Game,Omaha - PL,$0.10/$0.25
6/1/2017,5:56:03 AM,6/1/2017,6:12:38 AM,pmarr,Christoph,Cash Game,Omaha - PL,$0.10/$0.25
6/1/2017,5:57:10 AM,6/1/2017,6:13:51 AM,pmarr,Chrystal,Cash Game,Omaha - PL,$0.10/$0.25
6/1/2017,5:58:17 AM,6/1/2017,6:15:04 AM,pmarr,Colleen,Cash Game,Omaha - PL,$0.10/$0.25
6/1/2017,5:59:24 AM,6/1/2017,6:16:17 AM,pmarr,Alison,Cash Game,Omaha - PL,$0.10/$0.25
6/1/2017,6:00:31 AM,6/1/2017,6:17:30 AM,pmarr,Cidero,Cash Game,Omaha - PL,$0.10/$0.25
6/1/2017,6:01:38 AM,6/1/2017,6:18:43 AM,pmarr,Cieran,Cash Game,Omaha - PL,$0.10/$0.25
6/1/2017,6:02:45 AM,6/1/2017,6:19:56 AM,pmarr,Connor,Cash Game,Omaha - PL,$0.10/$0.25
6/1/2017,6:03:52 AM,6/1/2017,6:21:09 AM,pmarr,Coast,Cash Game,Omaha - PL,$0.10/$0.25
6/1/2017,6:04:59 AM,6/1/2017,6:22:22 AM,pmarr,Christal,Cash Game,Omaha - PL,$0.10/$0.25
6/1/2017,6:06:06 AM,6/1/2017,6:23:35 AM,pmarr,Christer,Cash Game,Omaha - PL,$0.10/$0.25
6/1/2017,6:07:13 AM,6/1/2017,6:24:48 AM,pmarr,Christoph,Cash Game,Omaha - PL,$0.10/$0.25
6/1/2017,6:08:20 AM,6/1/2017,6:26:01 AM,pmarr,Chrystal,Cash Game,Omaha - PL,$0.10/$0.25
6/1/2017,6:09:27 AM,6/1/2017,6:27:14 AM,pmarr,Colleen,Cash Game,Omaha - PL,$0.10/$0.25
6/1/2017,6:10:34 AM,6/1/2017,6:28:27 AM,pmarr,Alison,Cash Game,Omaha - PL,$0.10/$0.25
6/1/2017,6:11:41 AM,6/1/2017,6:29:40 AM,pmarr,Cidero,Cash Game,Omaha - PL,$0.10/$0.25
6/1/2017,6:12:48 AM,6/1/2017,6:30:53 AM,pmarr,Cieran,Cash Game,Omaha - PL,$0.10/$0.25
6/1/2017,6:13:55 AM,6/1/2017,6:32:06 AM,pmarr,Connor,Cash Game,Omaha - PL,$0.10/$0.25
6/1/2017,6:15:02 AM,6/1/2017,6:33:19 AM,pmarr,Coast,Cash Game,Omaha - PL,$0.10/$0.25
6/1/2017,6:16:09 AM,6/1/2017,6:34:32 AM,pmarr,Christal,Cash Game,Omaha - PL,$0.10/$0.25
6/1/2017,6:17:16 AM,6/1/2017,6:35:45 AM,pmarr,Christer,Cash Game,Omaha - PL,$0.10/$0.25
6/1/2017,6:18:23 AM,6/1/2017,6:36:58 AM,pmarr,Christoph,Cash Game,Omaha - PL,$0.10/$0.25
6/1/2017,6:19:30 AM,6/1/2017,6:38:11 AM,pmarr,Chrystal,Cash Game,Omaha - PL,$0.10/$0.25
6/1/2017,6:20:37 AM,6/1/2017,6:39:24 AM,pmarr,Colleen,Cash Game,Omaha - PL,$0.10/$0.25
6/1/2017,6:21:44 AM,6/1/2017,6:40:37 AM,pmarr,Alison,Cash Game,Omaha - PL,$0.10/$0.25
6/1/2017,6:22:51 AM,6/1/2017,6:41:50 AM,pmarr,Cidero,Cash Game,Omaha - PL,$0.10/$0.25
6/1/2017,6:23:58 AM,6/1/2017,6:43:03 AM,pmarr,Cieran,Cash Game,Omaha - PL,$0.10/$0.25
6/1/2017,6:25:05 AM,6/1/2017,6:44:16 AM,pmarr,Connor,Cash Game,Omaha - PL,$0.10/$0.25
6/1/2017,6:26:12 AM,6/1/2017,6:45:29 AM,pmarr,Coast,Cash Game,Omaha - PL,$0.10/$0.25
6/1/2017,6:27:19 AM,6/1/2017,6:46:42 AM,pmarr,Christal,Cash Game,Omaha - PL,$0.10/$0.25
6/1/2017,6:28:26 AM,6/1/2017,6:47:55 AM,pmarr,Christer,Cash Game,Omaha - PL,$0.10/$0.25
6/1/2017,6:29:33 AM,6/1/2017,6:49:08 AM,pmarr,Christoph,Cash Game,Omaha - PL,$0.10/$0.25
6/1/2017,6:30:40 AM,6/1/2017,6:50:21 AM,pmarr,Chrystal,Cash Game,Omaha - PL,$0.10/$0.25
6/1/2017,6:31:47 AM,6/1/2017,6:51:34 AM,pmarr,Colleen,Cash Game,Omaha - PL,$0.10/$0.25
6/1/2017,6:32:54 AM,6/1/2017,6:52:47 AM,pmarr,Alison,Cash Game,Omaha - PL,$0.10/$0.25
6/1/2017,6:34:01 AM,6/1/2017,6:54:00 AM,pmarr,Cidero,Cash Game,Omaha - PL,$0.10/$0.25
6/1/2017,6:35:08 AM,6/1/2017,6:55:13 AM,pmarr,Cieran,Cash Game,Omaha - PL,$0.10/$0.25
6/1/2017,6:36:15 AM,6/1/2017,6:56:26 AM,pmarr,Connor,Cash Game,Omaha - PL,$0.10/$0.25
6/1/2017,6:37:22 AM,6/1/2017,6:57:39 AM,pmarr,Coast,Cash Game,Omaha - PL,$0.10/$0.25
6/1/2017,6:38:29 AM,6/1/2017,6:58:52 AM,pmarr,Christal,Cash Game,Omaha - PL,$0.10/$0.25
6/1/2017,6:39:36 AM,6/1/2017,7:00:05 AM,pmarr,Christer,Cash Game,Omaha - PL,$0.10/$0.25
6/1/2017,6:40:43 AM,6/1/2017,7:01:18 AM,pmarr,Christoph,Cash Game,Omaha - PL,$0.10/$0.25
6/1/2017,6:41:50 AM,6/1/2017,7:02:31 AM,pmarr,Chrystal,Cash Game,Omaha - PL,$0.10/$0.25
6/1/2017,6:42:57 AM,6/1/2017,7:03:44 AM,pmarr,Colleen,Cash Game,Omaha - PL,$0.10/$0.25
6/1/2017,6:44:04 AM,6/1/2017,7:04:57 AM,pmarr,Alison,Cash Game,Omaha - PL,$0.10/$0.25
6/1/2017,6:45:11 AM,6/1/2017,7:06:10 AM,pmarr,Cidero,Cash Game,Omaha - PL,$0.10/$0.25
6/1/2017,6:46:18 AM,6/1/2017,7:07:23 AM,pmarr,Cieran,Cash Game,Omaha - PL,$0.10/$0.25
6/1/2017,6:47:25 AM,6/1/2017,7:08:36 AM,pmarr,Connor,Cash Game,Omaha - PL,$0.10/$0.25
6/1/2017,6:48:32 AM,6/1/2017,7:09:49 AM,pmarr,Coast,Cash Game,Omaha - PL,$0.10/$0.25
6/1/2017,6:49:39 AM,6/1/2017,7:11:02 AM,pmarr,Christal,Cash Game,Omaha - PL,$0.10/$0.25
6/1/2017,6:50:46 AM,6/1/2017,7:12:15 AM,pmarr,Christer,Cash Game,Omaha - PL,$0.10/$0.25
6/1/2017,6:51:53 AM,6/1/2017,7:13:28 AM,pmarr,Christoph,Cash Game,Omaha - PL,$0.10/$0.25
6/1/2017,6:53:00 AM,6/1/2017,7:14:41 AM,pmarr,Chrystal,Cash Game,Omaha - PL,$0.10/$0.25
6/1/2017,6:54:07 AM,6/1/2017,7:15:54 AM,pmarr,Colleen,Cash Game,Omaha - PL,$0.10/$0.25
6/1/2017,6:55:14 AM,6/1/2017,7:17:07 AM,pmarr,Alison,Cash Game,Omaha - PL,$0.10/$0.25
6/1/2017,6:56:21 AM,6/1/2017,7:18:20 AM,pmarr,Cidero,Cash Game,Omaha - PL,$0.10/$0.25
6/1/2017,6:57:28 AM,6/1/2017,7:19:33 AM,pmarr,Cieran,Cash Game,Omaha - PL,$0.10/$0.25
6/1/2017,6:58:35 AM,6/1/2017,7:20:46 AM,pmarr,Connor,Cash Game,Omaha - PL,$0.10/$0.25
6/1/2017,6:59:42 AM,6/1/2017,7:21:59 AM,pmarr,Coast,Cash Game,Omaha - PL,$0.10/$0.25
6/1/2017,7:00:49 AM,6/1/2017,7:23:12 AM,pmarr,Christal,Cash Game,Omaha - PL,$0.10/$0.25
6/1/2017,7:01:56 AM,6/1/2017,7:24:25 AM,pmarr,Christer,Cash Game,Omaha - PL,$0.10/$0.25
6/1/2017,7:03:03 AM,6/1/2017,7:25:38 AM,pmarr,Christoph,Cash Game,Omaha - PL,$0.10/$0.25
6/1/2017,7:04:10 AM,6/1/2017,7:26:51 AM,pmarr,Chrystal,Cash Game,Omaha - PL,$0.10/$0.25
6/1/2017,7:05:17 AM,6/1/2017,7:28:04 AM,pmarr,Colleen,Cash Game,Omaha - PL,$0.10/$0.25
6/1/2017,7:06:24 AM,6/1/2017,7:29:17 AM,pmarr,Alison,Cash Game,Omaha - PL,$0.10/$0.25
6/1/2017,7:07:31 AM,6/1/2017,7:30:30 AM,pmarr,Cidero,Cash Game,Omaha - PL,$0.10/$0.25
6/1/2017,7:08:38 AM,6/1/2017,7:31:43 AM,pmarr,Cieran,Cash Game,Omaha - PL,$0.10/$0.25
6/1/2017,7:09:45 AM,6/1/2017,7:32:56 AM,pmarr,Connor,Cash Game,Omaha - PL,$0.10/$0.25
6/1/2017,7:10:52 AM,6/1/2017,7:34:09 AM,pmarr,Coast,Cash Game,Omaha - PL,$0.10/$0.25
6/1/2017,7:11:59 AM,6/1/2017,7:35:22 AM,pmarr,Christal,Cash Game,Omaha - PL,$0.10/$0.25
6/1/2017,7:13:06 AM,6/1/2017,7:36:35 AM,pmarr,Christer,Cash Game,Omaha - PL,$0.10/$0.25
6/1/2017,7:14:13 AM,6/1/2017,7:37:48 AM,pmarr,Christoph,Cash Game,Omaha - PL,$0.10/$0.25
6/1/2017,7:15:20 AM,6/1/2017,7:39:01 AM,pmarr,Chrystal,Cash Game,Omaha - PL,$0.10/$0.25
6/1/2017,7:16:27 AM,6/1/2017,7:40:14 AM,pmarr,Colleen,Cash Game,Omaha - PL,$0.10/$0.25
6/1/2017,7:17:34 AM,6/1/2017,7:41:27 AM,pmarr,Alison,Cash Game,Omaha - PL,$0.10/$0.25
6/1/2017,7:18:41 AM,6/1/2017,7:42:40 AM,pmarr,Cidero,Cash Game,Omaha - PL,$0.10/$0.25
6/1/2017,7:19:48 AM,6/1/2017,7:43:53 AM,pmarr,Cieran,Cash Game,Omaha - PL,$0.10/$0.25
6/1/2017,7:20:55 AM,6/1/2017,7:45:06 AM,pmarr,Connor,Cash Game,Omaha - PL,$0.10/$0.25
6/1/2017,7:22:02 AM,6/1/2017,7:46:19 AM,pmarr,Coast,Cash Game,Omaha - PL,$0.10/$0.25
6/1/2017,7:23:09 AM,6/1/2017,7:47:32 AM,pmarr,Christal,Cash Game,Omaha - PL,$0.10/$0.25
6/1/2017,7:24:16 AM,6/1/2017,7:48:45 AM,pmarr,Christer,Cash Game,Omaha - PL,$0.10/$0.25
6/1/2017,7:25:23 AM,6/1/2017,7:49:58 AM,pmarr,Christoph,Cash Game,Omaha - PL,$0.10/$0.25
6/1/2017,7:26:30 AM,6/1/2017,7:51:11 AM,pmarr,Chrystal,Cash Game,Omaha - PL,$0.10/$0.25
6/1/2017,7:27:37 AM,6/1/2017,7:52:24 AM,pmarr,Colleen,Cash Game,Omaha - PL,$0.10/$0.25
6/1/2017,7:28:44 AM,6/1/2017,7:53:37 AM,pmarr,Alison,Cash Game,Omaha - PL,$0.10/$0.25
6/1/2017,7:29:51 AM,6/1/2017,7:54:50 AM,pmarr,Cidero,Cash Game,Omaha - PL,$0.10/$0.25
6/1/2017,7:30:58 AM,6/1/2017,7:56:03 AM,pmarr,Cieran,Cash Game,Omaha - PL,$0.10/$0.25
6/1/2017,7:32:05 AM,6/1/2017,7:57:16 AM,pmarr,Connor,Cash Game,Omaha - PL,$0.10/$0.25
6/1/2017,7:33:12 AM,6/1/2017,7:58:29 AM,pmarr,Coast,Cash Game,Omaha - PL,$0.10/$0.25
6/1/2017,7:34:19 AM,6/1/2017,7:59:42 AM,pmarr,Christal,Cash Game,Omaha - PL,$0.10/$0.25
6/1/2017,7:35:26 AM,6/1/2017,8:00:55 AM,pmarr,Christer,Cash Game,Omaha - PL,$0.10/$0.25
6/1/2017,7:36:33 AM,6/1/2017,8:02:08 AM,pmarr,Christoph,Cash Game,Omaha - PL,$0.10/$0.25
6/1/2017,7:37:40 AM,6/1/2017,8:03:21 AM,pmarr,Chrystal,Cash Game,Omaha - PL,$0.10/$0.25
6/1/2017,7:38:47 AM,6/1/2017,8:04:34 AM,pmarr,Colleen,Cash Game,Omaha - PL,$0.10/$0.25
6/1/2017,7:39:54 AM,6/1/2017,8:05:47 AM,pmarr,Alison,Cash Game,Omaha - PL,$0.10/$0.25
6/1/2017,7:41:01 AM,6/1/2017,8:07:00 AM,pmarr,Cidero,Cash Game,Omaha - PL,$0.10/$0.25
6/1/2017,7:42:08 AM,6/1/2017,8:08:13 AM,pmarr,Cieran,Cash Game,Omaha - PL,$0.10/$0.25
6/1/2017,7:43:15 AM,6/1/2017,8:09:26 AM,pmarr,Connor,Cash Game,Omaha - PL,$0.10/$0.25
6/1/2017,7:44:22 AM,6/1/2017,8:10:39 AM,pmarr,Coast,Cash Game,Omaha - PL,$0.10/$0.25
6/1/2017,7:45:29 AM,6/1/2017,8:11:52 AM,pmarr,Christal,Cash Game,Omaha - PL,$0.10/$0.25
6/1/2017,7:46:36 AM,6/1/2017,8:13:05 AM,pmarr,Christer,Cash Game,Omaha - PL,$0.10/$0.25
6/1/2017,7:47:43 AM,6/1/2017,8:14:18 AM,pmarr,Christoph,Cash Game,Omaha - PL,$0.10/$0.25
6/1/2017,7:48:50 AM,6/1/2017,8:15:31 AM,pmarr,Chrystal,Cash Game,Omaha - PL,$0.10/$0.25
6/1/2017,7:49:57 AM,6/1/2017,8:16:44 AM,pmarr,Colleen,Cash Game,Omaha - PL,$0.10/$0.25
6/1/2017,7:51:04 AM,6/1/2017,8:17:57 AM,pmarr,Alison,Cash Game,Omaha - PL,$0.10/$0.25
6/1/2017,7:52:11 AM,6/1/2017,8:19:10 AM,pmarr,Cidero,Cash Game,Omaha - PL,$0.10/$0.25
6/1/2017,7:53:18 AM,6/1/2017,8:20:23 AM,pmarr,Cieran,Cash Game,Omaha - PL,$0.10/$0.25
6/1/2017,7:54:25 AM,6/1/2017,8:21:36 AM,pmarr,Connor,Cash Game,Omaha - PL,$0.10/$0.25
6/1/2017,7:55:32 AM,6/1/2017,8:22:49 AM,pmarr,Coast,Cash Game,Omaha - PL,$0.10/$0.25
6/1/2017,7:56:39 AM,6/1/2017,8:24:02 AM,pmarr,Christal,Cash Game,Omaha - PL,$0.10/$0.25
6/1/2017,7:57:46 AM,6/1/2017,8:25:15 AM,pmarr,Christer,Cash Game,Omaha - PL,$0.10/$0.25
6/1/2017,7:58:53 AM,6/1/2017,8:26:28 AM,pmarr,Christoph,Cash Game,Omaha - PL,$0.10/$0.25
6/1/2017,8:00:00 AM,6/1/2017,8:27:41 AM,pmarr,Chrystal,Cash Game,Omaha - PL,$0.10/$0.25
6/1/2017,8:01:07 AM,6/1/2017,8:28:54 AM,pmarr,Colleen,Cash Game,Omaha - PL,$0.10/$0.25
6/1/2017,8:02:14 AM,6/1/2017,8:30:07 AM,pmarr,Alison,Cash Game,Omaha - PL,$0.10/$0.25
6/1/2017,8:03:21 AM,6/1/2017,8:31:20 AM,pmarr,Cidero,Cash Game,Omaha - PL,$0.10/$0.25
6/1/2017,8:04:28 AM,6/1/2017,8:32:33 AM,pmarr,Cieran,Cash Game,Omaha - PL,$0.10/$0.25
6/1/2017,8:05:35 AM,6/1/2017,8:33:46 AM,pmarr,Connor,Cash Game,Omaha - PL,$0.10/$0.25
6/1/2017,8:06:42 AM,6/1/2017,8:34:59 AM,pmarr,Coast,Cash Game,Omaha - PL,$0.10/$0.25
6/1/2017,8:07:49 AM,6/1/2017,8:36:12 AM,pmarr,Christal,Cash Game,Omaha - PL,$0.10/$0.25
6/1/2017,8:08:56 AM,6/1/2017,8:37:25 AM,pmarr,Christer,Cash Game,Omaha - PL,$0.10/$0.25
6/1/2017,8:10:03 AM,6/1/2017,8:38:38 AM,pmarr,Christoph,Cash Game,Omaha - PL,$0.10/$0.25
6/1/2017,8:11:10 AM,6/1/2017,8:39:51 AM,pmarr,Chrystal,Cash Game,Omaha - PL,$0.10/$0.25
6/1/2017,8:12:17 AM,6/1/2017,8:41:04 AM,pmarr,Colleen,Cash Game,Omaha - PL,$0.10/$0.25
6/1/2017,8:13:24 AM,6/1/2017,8:42:17 AM,pmarr,Alison,Cash Game,Omaha - PL,$0.10/$0.25
6/1/2017,8:14:31 AM,6/1/2017,8:43:30 AM,pmarr,Cidero,Cash Game,Omaha - PL,$0.10/$0.25
6/1/2017,8:15:38 AM,6/1/2017,8:44:43 AM,pmarr,Cieran,Cash Game,Omaha - PL,$0.10/$0.25
6/1/2017,8:16:45 AM,6/1/2017,8:45:56 AM,pmarr,Connor,Cash Game,Omaha - PL,$0.10/$0.25
6/1/2017,8:17:52 AM,6/1/2017,8:47:09 AM,pmarr,Coast,Cash Game,Omaha - PL,$0.10/$0.25
6/1/2017,8:18:59 AM,6/1/2017,8:48:22 AM,pmarr,Christal,Cash Game,Omaha - PL,$0.10/$0.25
6/1/2017,8:20:06 AM,6/1/2017,8:49:35 AM,pmarr,Christer,Cash Game,Omaha - PL,$0.10/$0.25
6/1/2017,8:21:13 AM,6/1/2017,8:50:48 AM,pmarr,Christoph,Cash Game,Omaha - PL,$0.10/$0.25
6/1/2017,8:22:20 AM,6/1/2017,8:52:01 AM,pmarr,Chrystal,Cash Game,Omaha - PL,$0.10/$0.25
6/1/2017,8:23:27 AM,6/1/2017,8:53:14 AM,pmarr,Colleen,Cash Game,Omaha - PL,$0.10/$0.25
6/1/2017,8:24:34 AM,6/1/2017,8:54:27 AM,pmarr,Alison,Cash Game,Omaha - PL,$0.10/$0.25
6/1/2017,8:25:41 AM,6/1/2017,8:55:40 AM,pmarr,Cidero,Cash Game,Omaha - PL,$0.10/$0.25
6/1/2017,8:26:48 AM,6/1/2017,8:56:53 AM,pmarr,Cieran,Cash Game,Omaha - PL,$0.10/$0.25
6/1/2017,8:27:55 AM,6/1/2017,8:58:06 AM,pmarr,Connor,Cash Game,Omaha - PL,$0.10/$0.25
6/1/2017,8:29:02 AM,6/1/2017,8:59:19 AM,pmarr,Coast,Cash Game,Omaha - PL,$0.10/$0.25
6/1/2017,8:30:09 AM,6/1/2017,9:00:32 AM,pmarr,Christal,Cash Game,Omaha - PL,$0.10/$0.25
6/1/2017,8:31:16 AM,6/1/2017,9:01:45 AM,pmarr,Christer,Cash Game,Omaha - PL,$0.10/$0.25
6/1/2017,8:32:23 AM,6/1/2017,9:02:58 AM,pmarr,Christoph,Cash Game,Omaha - PL,$0.10/$0.25
6/1/2017,8:33:30 AM,6/1/2017,9:04:11 AM,pmarr,Chrystal,Cash Game,Omaha - PL,$0.10/$0.25
6/1/2017,8:34:37 AM,6/1/2017,9:05:24 AM,pmarr,Colleen,Cash Game,Omaha - PL,$0.10/$0.25
6/1/2017,8:35:44 AM,6/1/2017,9:06:37 AM,pmarr,Alison,Cash Game,Omaha - PL,$0.10/$0.25
6/1/2017,8:36:51 AM,6/1/2017,9:07:50 AM,pmarr,Cidero,Cash Game,Omaha - PL,$0.10/$0.25
6/1/2017,8:37:58 AM,6/1/2017,9:09:03 AM,pmarr,Cieran,Cash Game,Omaha - PL,$0.10/$0.25
6/1/2017,8:39:05 AM,6/1/2017,9:10:16 AM,pmarr,Connor,Cash Game,Omaha - PL,$0.10/$0.25
6/1/2017,8:40:12 AM,6/1/2017,9:11:29 AM,pmarr,Coast,Cash Game,Omaha - PL,$0.10/$0.25
6/1/2017,8:41:19 AM,6/1/2017,9:12:42 AM,pmarr,Christal,Cash Game,Omaha - PL,$0.10/$0.25
6/1/2017,8:42:26 AM,6/1/2017,9:13:55 AM,pmarr,Christer,Cash Game,Omaha - PL,$0.10/$0.25
6/1/2017,8:43:33 AM,6/1/2017,9:15:08 AM,pmarr,Christoph,Cash Game,Omaha - PL,$0.10/$0.25
6/1/2017,8:44:40 AM,6/1/2017,9:16:21 AM,pmarr,Chrystal,Cash Game,Omaha - PL,$0.10/$0.25
6/1/2017,8:45:47 AM,6/1/2017,9:17:34 AM,pmarr,Colleen,Cash Game,Omaha - PL,$0.10/$0.25
6/1/2017,8:46:54 AM,6/1/2017,9:18:47 AM,pmarr,Alison,Cash Game,Omaha - PL,$0.10/$0.25
6/1/2017,8:48:01 AM,6/1/2017,9:20:00 AM,pmarr,Cidero,Cash Game,Omaha - PL,$0.10/$0.25
6/1/2017,8:49:08 AM,6/1/2017,9:21:13 AM,pmarr,Cieran,Cash Game,Omaha - PL,$0.10/$0.25
6/1/2017,8:50:15 AM,6/1/2017,9:22:26 AM,pmarr,Connor,Cash Game,Omaha - PL,$0.10/$0.25
6/1/2017,8:51:22 AM,6/1/2017,9:23:39 AM,pmarr,Coast,Cash Game,Omaha - PL,$0.10/$0.25
6/1/2017,8:52:29 AM,6/1/2017,9:24:52 AM,pmarr,Christal,Cash Game,Omaha - PL,$0.10/$0.25
6/1/2017,8:53:36 AM,6/1/2017,9:26:05 AM,pmarr,Christer,Cash Game,Omaha - PL,$0.10/$0.25
6/1/2017,8:54:43 AM,6/1/2017,9:27:18 AM,pmarr,Christoph,Cash Game,Omaha - PL,$0.10/$0.25
6/1/2017,8:55:50 AM,6/1/2017,9:28:31 AM,pmarr,Chrystal,Cash Game,Omaha - PL,$0.10/$0.25
6/1/2017,8:56:57 AM,6/1/2017,9:29:44 AM,pmarr,Colleen,Cash Game,Omaha - PL,$0.10/$0.25
6/1/2017,8:58:04 AM,6/1/2017,9:30:57 AM,pmarr,Alison,Cash Game,Omaha - PL,$0.10/$0.25
6/1/2017,8:59:11 AM,6/1/2017,9:32:10 AM,pmarr,Cidero,Cash Game,Omaha - PL,$0.10/$0.25
6/1/2017,9:00:18 AM,6/1/2017,9:33:23 AM,pmarr,Cieran,Cash Game,Omaha - PL,$0.10/$0.25
6/1/2017,9:01:25 AM,6/1/2017,9:34:36 AM,pmarr,Connor,Cash Game,Omaha - PL,$0.10/$0.25
6/1/2017,9:02:32 AM,6/1/2017,9:35:49 AM,pmarr,Coast,Cash Game,Omaha - PL,$0.10/$0.25
6/1/2017,9:03:39 AM,6/1/2017,9:37:02 AM,pmarr,Christal,Cash Game,Omaha - PL,$0.10/$0.25
6/1/2017,9:04:46 AM,6/1/2017,9:38:15 AM,pmarr,Christer,Cash Game,Omaha - PL,$0.10/$0.25
6/1/2017,9:05:53 AM,6/1/2017,9:39:28 AM,pmarr,Christoph,Cash Game,Omaha - PL,$0.10/$0.25
6/1/2017,9:07:00 AM,6/1/2017,9:40:41 AM,pmarr,Chrystal,Cash Game,Omaha - PL,$0.10/$0.25
6/1/2017,9:08:07 AM,6/1/2017,9:41:54 AM,pmarr,Colleen,Cash Game,Omaha - PL,$0.10/$0.25
6/1/2017,9:09:14 AM,6/1/2017,9:43:07 AM,pmarr,Alison,Cash Game,Omaha - PL,$0.10/$0.25
6/1/2017,9:10:21 AM,6/1/2017,9:44:20 AM,pmarr,Cidero,Cash Game,Omaha - PL,$0.10/$0.25
6/1/2017,9:11:28 AM,6/1/2017,9:45:33 AM,pmarr,Cieran,Cash Game,Omaha - PL,$0.10/$0.25
6/1/2017,9:12:35 AM,6/1/2017,9:46:46 AM,pmarr,Connor,Cash Game,Omaha - PL,$0.10/$0.25
6/1/2017,9:13:42 AM,6/1/2017,9:47:59 AM,pmarr,Coast,Cash Game,Omaha - PL,$0.10/$0.25
6/1/2017,9:14:49 AM,6/1/2017,9:49:12 AM,pmarr,Christal,Cash Game,Omaha - PL,$0.10/$0.25
6/1/2017,9:15:56 AM,6/1/2017,9:50:25 AM,pmarr,Christer,Cash Game,Omaha - PL,$0.10/$0.25
6/1/2017,9:17:03 AM,6/1/2017,9:51:38 AM,pmarr,Christoph,Cash Game,Omaha - PL,$0.10/$0.25
6/1/2017,9:18:10 AM,6/1/2017,9:52:51 AM,pmarr,Chrystal,Cash Game,Omaha - PL,$0.10/$0.25
6/1/2017,9:19:17 AM,6/1/2017,9:54:04 AM,pmarr,Colleen,Cash Game,Omaha - PL,$0.10/$0.25
6/1/2017,9:20:24 AM,6/1/2017,9:55:17 AM,pmarr,Alison,Cash Game,Omaha - PL,$0.10/$0.25
6/1/2017,9:21:31 AM,6/1/2017,9:56:30 AM,pmarr,Cidero,Cash Game,Omaha - PL,$0.10/$0.25
6/1/2017,9:22:38 AM,6/1/2017,9:57:43 AM,pmarr,Cieran,Cash Game,Omaha - PL,$0.10/$0.25
6/1/2017,9:23:45 AM,6/1/2017,9:58:56 AM,pmarr,Connor,Cash Game,Omaha - PL,$0.10/$0.25
6/1/2017,9:24:52 AM,6/1/2017,10:00:09 AM,pmarr,Coast,Cash Game,Omaha - PL,$0.10/$0.25
6/1/2017,9:25:59 AM,6/1/2017,10:01:22 AM,pmarr,Christal,Cash Game,Omaha - PL,$0.10/$0.25
6/1/2017,9:27:06 AM,6/1/2017,10:02:35 AM,pmarr,Christer,Cash Game,Omaha - PL,$0.10/$0.25
6/1/2017,9:28:13 AM,6/1/2017,10:03:48 AM,pmarr,Christoph,Cash Game,Omaha - PL,$0.10/$0.25
6/1/2017,9:29:20 AM,6/1/2017,10:05:01 AM,pmarr,Chrystal,Cash Game,Omaha - PL,$0.10/$0.25
6/1/2017,9:30:27 AM,6/1/2017,10:06:14 AM,pmarr,Colleen,Cash Game,Omaha - PL,$0.10/$0.25
6/1/2017,9:31:34 AM,6/1/2017,10:07:27 AM,pmarr,Alison,Cash Game,Omaha - PL,$0.10/$0.25
6/1/2017,9:32:41 AM,6/1/2017,10:08:40 AM,pmarr,Cidero,Cash Game,Omaha - PL,$0.10/$0.25
6/1/2017,9:33:48 AM,6/1/2017,10:09:53 AM,pmarr,Cieran,Cash Game,Omaha - PL,$0.10/$0.25
6/1/2017,9:34:55 AM,6/1/2017,10:11:06 AM,pmarr,Connor,Cash Game,Omaha - PL,$0.10/$0.25
6/1/2017,9:36:02 AM,6/1/2017,10:12:19 AM,pmarr,Coast,Cash Game,Omaha - PL,$0.10/$0.25
6/1/2017,9:37:09 AM,6/1/2017,10:13:32 AM,pmarr,Christal,Cash Game,Omaha - PL,$0.10/$0.25
6/1/2017,9:38:16 AM,6/1/2017,10:14:45 AM,pmarr,Christer,Cash Game,Omaha - PL,$0.10/$0.25
6/1/2017,9:39:23 AM,6/1/2017,10:15:58 AM,pmarr,Christoph,Cash Game,Omaha - PL,$0.10/$0.25
6/1/2017,9:40:30 AM,6/1/2017,10:17:11 AM,pmarr,Chrystal,Cash Game,Omaha - PL,$0.10/$0.25
6/1/2017,9:41:37 AM,6/1/2017,10:18:24 AM,pmarr,Colleen,Cash Game,Omaha - PL,$0.10/$0.25
6/1/2017,9:42:44 AM,6/1/2017,10:19:37 AM,pmarr,Alison,Cash Game,Omaha - PL,$0.10/$0.25
6/1/2017,9:43:51 AM,6/1/2017,10:20:50 AM,pmarr,Cidero,Cash Game,Omaha - PL,$0.10/$0.25
6/1/2017,9:44:58 AM,6/1/2017,10:22:03 AM,pmarr,Cieran,Cash Game,Omaha - PL,$0.10/$0.25
6/1/2017,9:46:05 AM,6/1/2017,10:23:16 AM,pmarr,Connor,Cash Game,Omaha - PL,$0.10/$0.25
6/1/2017,9:47:12 AM,6/1/2017,10:24:29 AM,pmarr,Coast,Cash Game,Omaha - PL,$0.10/$0.25
6/1/2017,9:48:19 AM,6/1/2017,10:25:42 AM,pmarr,Christal,Cash Game,Omaha - PL,$0.10/$0.25
6/1/2017,9:49:26 AM,6/1/2017,10:26:55 AM,pmarr,Christer,Cash Game,Omaha - PL,$0.10/$0.25
6/1/2017,9:50:33 AM,6/1/2017,10:28:08 AM,pmarr,Christoph,Cash Game,Omaha - PL,$0.10/$0.25
6/1/2017,9:51:40 AM,6/1/2017,10:29:21 AM,pmarr,Chrystal,Cash Game,Omaha - PL,$0.10/$0.25
6/1/2017,9:52:47 AM,6/1/2017,10:30:34 AM,pmarr,Colleen,Cash Game,Omaha - PL,$0.10/$0.25
6/1/2017,9:53:54 AM,6/1/2017,10:31:47 AM,pmarr,Alison,Cash Game,Omaha - PL,$0.10/$0.25
6/1/2017,9:55:01 AM,6/1/2017,10:33:00 AM,pmarr,Cidero,Cash Game,Omaha - PL,$0.10/$0.25
6/1/2017,9:56:08 AM,6/1/2017,10:34:13 AM,pmarr,Cieran,Cash Game,Omaha - PL,$0.10/$0.25
6/1/2017,9:57:15 AM,6/1/2017,10:35:26 AM,pmarr,Connor,Cash Game,Omaha - PL,$0.10/$0.25
6/1/2017,9:58:22 AM,6/1/2017,10:36:39 AM,pmarr,Coast,Cash Game,Omaha - PL,$0.10/$0.25
6/1/2017,9:59:29 AM,6/1/2017,10:37:52 AM,pmarr,Christal,Cash Game,Omaha - PL,$0.10/$0.25
6/1/2017,10:00:36 AM,6/1/2017,10:39:05 AM,pmarr,Christer,Cash Game,Omaha - PL,$0.10/$0.25
6/1/2017,10:01:43 AM,6/1/2017,10:40:18 AM,pmarr,Christoph,Cash Game,Omaha - PL,$0.10/$0.25
6/1/2017,10:02:50 AM,6/1/2017,10:41:31 AM,pmarr,Chrystal,Cash Game,Omaha - PL,$0.10/$0.25
6/1/2017,10:03:57 AM,6/1/2017,10:42:44 AM,pmarr,Colleen,Cash Game,Omaha - PL,$0.10/$0.25
6/1/2017,10:05:04 AM,6/1/2017,10:43:57 AM,pmarr,Alison,Cash Game,Omaha - PL,$0.10/$0.25
6/1/2017,10:06:11 AM,6/1/2017,10:45:10 AM,pmarr,Cidero,Cash Game,Omaha - PL,$0.10/$0.25
6/1/2017,10:07:18 AM,6/1/2017,10:46:23 AM,pmarr,Cieran,Cash Game,Omaha - PL,$0.10/$0.25
6/1/2017,10:08:25 AM,6/1/2017,10:47:36 AM,pmarr,Connor,Cash Game,Omaha - PL,$0.10/$0.25
6/1/2017,10:09:32 AM,6/1/2017,10:48:49 AM,pmarr,Coast,Cash Game,Omaha - PL,$0.10/$0.25
6/1/2017,10:10:39 AM,6/1/2017,10:50:02 AM,pmarr,Christal,Cash Game,Omaha - PL,$0.10/$0.25
6/1/2017,10:11:46 AM,6/1/2017,10:51:15 AM,pmarr,Christer,Cash Game,Omaha - PL,$0.10/$0.25
6/1/2017,10:12:53 AM,6/1/2017,10:52:28 AM,pmarr,Christoph,Cash Game,Omaha - PL,$0.10/$0.25
6/1/2017,10:14:00 AM,6/1/2017,10:53:41 AM,pmarr,Chrystal,Cash Game,Omaha - PL,$0.10/$0.25
6/1/2017,10:15:07 AM,6/1/2017,10:54:54 AM,pmarr,Colleen,Cash Game,Omaha - PL,$0.10/$0.25
6/1/2017,10:16:14 AM,6/1/2017,10:56:07 AM,pmarr,Alison,Cash Game,Omaha - PL,$0.10/$0.25
6/1/2017,10:17:21 AM,6/1/2017,10:57:20 AM,pmarr,Cidero,Cash Game,Omaha - PL,$0.10/$0.25
6/1/2017,10:18:28 AM,6/1/2017,10:58:33 AM,pmarr,Cieran,Cash Game,Omaha - PL,$0.10/$0.25
6/1/2017,10:19:35 AM,6/1/2017,10:59:46 AM,pmarr,Connor,Cash Game,Omaha - PL,$0.10/$0.25
6/1/2017,10:20:42 AM,6/1/2017,11:00:59 AM,pmarr,Coast,Cash Game,Omaha - PL,$0.10/$0.25
6/1/2017,10:21:49 AM,6/1/2017,11:02:12 AM,pmarr,Christal,Cash Game,Omaha - PL,$0.10/$0.25
6/1/2017,10:22:56 AM,6/1/2017,11:03:25 AM,pmarr,Christer,Cash Game,Omaha - PL,$0.10/$0.25
6/1/2017,10:24:03 AM,6/1/2017,11:04:38 AM,pmarr,Christoph,Cash Game,Omaha - PL,$0.10/$0.25
6/1/2017,10:25:10 AM,6/1/2017,11:05:51 AM,pmarr,Chrystal,Cash Game,Omaha - PL,$0.10/$0.25
6/1/2017,10:26:17 AM,6/1/2017,11:07:04 AM,pmarr,Colleen,Cash Game,Omaha - PL,$0.10/$0.25
6/1/2017,10:27:24 AM,6/1/2017,11:08:17 AM,pmarr,Alison,Cash Game,Omaha - PL,$0.10/$0.25
6/1/2017,10:28:31 AM,6/1/2017,11:09:30 AM,pmarr,Cidero,Cash Game,Omaha - PL,$0.10/$0.25
6/1/2017,10:29:38 AM,6/1/2017,11:10:43 AM,pmarr,Cieran,Cash Game,Omaha - PL,$0.10/$0.25
6/1/2017,10:30:45 AM,6/1/2017,11:11:56 AM,pmarr,Connor,Cash Game,Omaha - PL,$0.10/$0.25
6/1/2017,10:31:52 AM,6/1/2017,11:13:09 AM,pmarr,Coast,Cash Game,Omaha - PL,$0.10/$0.25
6/1/2017,10:32:59 AM,6/1/2017,11:14:22 AM,pmarr,Christal,Cash Game,Omaha - PL,$0.10/$0.25
6/1/2017,10:34:06 AM,6/1/2017,11:15:35 AM,pmarr,Christer,Cash Game,Omaha - PL,$0.10/$0.25
6/1/2017,10:35:13 AM,6/1/2017,11:16:48 AM,pmarr,Christoph,Cash Game,Omaha - PL,$0.10/$0.25
6/1/2017,10:36:20 AM,6/1/2017,11:18:01 AM,pmarr,Chrystal,Cash Game,Omaha - PL,$0.10/$0.25
6/1/2017,10:37:27 AM,6/1/2017,11:19:14 AM,pmarr,Colleen,Cash Game,Omaha - PL,$0.10/$0.25
6/1/2017,10:38:34 AM,6/1/2017,11:20:27 AM,pmarr,Alison,Cash Game,Omaha - PL,$0.10/$0.25
6/1/2017,10:39:41 AM,6/1/2017,11:21:40 AM,pmarr,Cidero,Cash Game,Omaha - PL,$0.10/$0.25
6/1/2017,10:40:48 AM,6/1/2017,11:22:53 AM,pmarr,Cieran,Cash Game,Omaha - PL,$0.10/$0.25
6/1/2017,10:41:55 AM,6/1/2017,11:24:06 AM,pmarr,Connor,Cash Game,Omaha - PL,$0.10/$0.25
6/1/2017,10:43:02 AM,6/1/2017,11:25:19 AM,pmarr,Coast,Cash Game,Omaha - PL,$0.10/$0.25
6/1/2017,10:44:09 AM,6/1/2017,11:26:32 AM,pmarr,Christal,Cash Game,Omaha - PL,$0.10/$0.25
6/1/2017,10:45:16 AM,6/1/2017,11:27:45 AM,pmarr,Christer,Cash Game,Omaha - PL,$0.10/$0.25
6/1/2017,10:46:23 AM,6/1/2017,11:28:58 AM,pmarr,Christoph,Cash Game,Omaha - PL,$0.10/$0.25
6/1/2017,10:47:30 AM,6/1/2017,11:30:11 AM,pmarr,Chrystal,Cash Game,Omaha - PL,$0.10/$0.25
6/1/2017,10:48:37 AM,6/1/2017,11:31:24 AM,pmarr,Colleen,Cash Game,Omaha - PL,$0.10/$0.25
6/1/2017,10:49:44 AM,6/1/2017,11:32:37 AM,pmarr,Alison,Cash Game,Omaha - PL,$0.10/$0.25
6/1/2017,10:50:51 AM,6/1/2017,11:33:50 AM,pmarr,Cidero,Cash Game,Omaha - PL,$0.10/$0.25
6/1/2017,10:51:58 AM,6/1/2017,11:35:03 AM,pmarr,Cieran,Cash Game,Omaha - PL,$0.10/$0.25
6/1/2017,10:53:05 AM,6/1/2017,11:36:16 AM,pmarr,Connor,Cash Game,Omaha - PL,$0.10/$0.25
6/1/2017,10:54:12 AM,6/1/2017,11:37:29 AM,pmarr,Coast,Cash Game,Omaha - PL,$0.10/$0.25
6/1/2017,10:55:19 AM,6/1/2017,11:38:42 AM,pmarr,Christal,Cash Game,Omaha - PL,$0.10/$0.25
6/1/2017,10:56:26 AM,6/1/2017,11:39:55 AM,pmarr,Christer,Cash Game,Omaha - PL,$0.10/$0.25
6/1/2017,10:57:33 AM,6/1/2017,11:41:08 AM,pmarr,Christoph,Cash Game,Omaha - PL,$0.10/$0.25
6/1/2017,10:58:40 AM,6/1/2017,11:42:21 AM,pmarr,Chrystal,Cash Game,Omaha - PL,$0.10/$0.25
6/1/2017,10:59:47 AM,6/1/2017,11:43:34 AM,pmarr,Colleen,Cash Game,Omaha - PL,$0.10/$0.25
6/1/2017,11:00:54 AM,6/1/2017,11:44:47 AM,pmarr,Alison,Cash Game,Omaha - PL,$0.10/$0.25
6/1/2017,11:02:01 AM,6/1/2017,11:46:00 AM,pmarr,Cidero,Cash Game,Omaha - PL,$0.10/$0.25
6/1/2017,11:03:08 AM,6/1/2017,11:47:13 AM,pmarr,Cieran,Cash Game,Omaha - PL,$0.10/$0.25
6/1/2017,11:04:15 AM,6/1/2017,11:48:26 AM,pmarr,Connor,Cash Game,Omaha - PL,$0.10/$0.25
6/1/2017,11:05:22 AM,6/1/2017,11:49:39 AM,pmarr,Coast,Cash Game,Omaha - PL,$0.10/$0.25
6/1/2017,11:06:29 AM,6/1/2017,11:50:52 AM,pmarr,Christal,Cash Game,Omaha - PL,$0.10/$0.25
6/1/2017,11:07:36 AM,6/1/2017,11:52:05 AM,pmarr,Christer,Cash Game,Omaha - PL,$0.10/$0.25
6/1/2017,11:08:43 AM,6/1/2017,11:53:18 AM,pmarr,Christoph,Cash Game,Omaha - PL,$0.10/$0.25
6/1/2017,11:09:50 AM,6/1/2017,11:54:31 AM,pmarr,Chrystal,Cash Game,Omaha - PL,$0.10/$0.25
6/1/2017,11:10:57 AM,6/1/2017,11:55:44 AM,pmarr,Colleen,Cash Game,Omaha - PL,$0.10/$0.25
6/1/2017,11:12:04 AM,6/1/2017,11:56:57 AM,pmarr,Alison,Cash Game,Omaha - PL,$0.10/$0.25
6/1/2017,11:13:11 AM,6/1/2017,11:58:10 AM,pmarr,Cidero,Cash Game,Omaha - PL,$0.10/$0.25
6/1/2017,11:14:18 AM,6/1/2017,11:59:23 AM,pmarr,Cieran,Cash Game,Omaha - PL,$0.10/$0.25
6/1/2017,11:15:25 AM,6/1/2017,12:00:36 PM,pmarr,Connor,Cash Game,Omaha - PL,$0.10/$0.25
6/1/2017,11:16:32 AM,6/1/2017,12:01:49 PM,pmarr,Coast,Cash Game,Omaha - PL,$0.10/$0.25
6/1/2017,11:17:39 AM,6/1/2017,12:03:02 PM,pmarr,Christal,Cash Game,Omaha - PL,$0.10/$0.25
6/1/2017,11:18:46 AM,6/1/2017,12:04:15 PM,pmarr,Christer,Cash Game,Omaha - PL,$0.10/$0.25
6/1/2017,11:19:53 AM,6/1/2017,12:05:28 PM,pmarr,Christoph,Cash Game,Omaha - PL,$0.10/$0.25
6/1/2017,11:21:00 AM,6/1/2017,12:06:41 PM,pmarr,Chrystal,Cash Game,Omaha - PL,$0.10/$0.25
6/1/2017,11:22:07 AM,6/1/2017,12:07:54 PM,pmarr,Colleen,Cash Game,Omaha - PL,$0.10/$0.25
6/1/2017,11:23:14 AM,6/1/2017,12:09:07 PM,pmarr,Alison,Cash Game,Omaha - PL,$0.10/$0.25
6/1/2017,11:24:21 AM,6/1/2017,12:10:20 PM,pmarr,Cidero,Cash Game,Omaha - PL,$0.10/$0.25
6/1/2017,11:25:28 AM,6/1/2017,12:11:33 PM,pmarr,Cieran,Cash Game,Omaha - PL,$0.10/$0.25
6/1/2017,11:26:35 AM,6/1/2017,12:12:46 PM,pmarr,Connor,Cash Game,Omaha - PL,$0.10/$0.25
6/1/2017,11:27:42 AM,6/1/2017,12:13:59 PM,pmarr,Coast,Cash Game,Omaha - PL,$0.10/$0.25
6/1/2017,11:28:49 AM,6/1/2017,12:15:12 PM,pmarr,Christal,Cash Game,Omaha - PL,$0.10/$0.25
6/1/2017,11:29:56 AM,6/1/2017,12:16:25 PM,pmarr,Christer,Cash Game,Omaha - PL,$0.10/$0.25
6/1/2017,11:31:03 AM,6/1/2017,12:17:38 PM,pmarr,Christoph,Cash Game,Omaha - PL,$0.10/$0.25
6/1/2017,11:32:10 AM,6/1/2017,12:18:51 PM,pmarr,Chrystal,Cash Game,Omaha - PL,$0.10/$0.25
6/1/2017,11:33:17 AM,6/1/2017,12:20:04 PM,pmarr,Colleen,Cash Game,Omaha - PL,$0.10/$0.25
6/1/2017,11:34:24 AM,6/1/2017,12:21:17 PM,pmarr,Alison,Cash Game,Omaha - PL,$0.10/$0.25
6/1/2017,11:35:31 AM,6/1/2017,12:22:30 PM,pmarr,Cidero,Cash Game,Omaha - PL,$0.10/$0.25
6/1/2017,11:36:38 AM,6/1/2017,12:23:43 PM,pmarr,Cieran,Cash Game,Omaha - PL,$0.10/$0.25
6/1/2017,11:37:45 AM,6/1/2017,12:24:56 PM,pmarr,Connor,Cash Game,Omaha - PL,$0.10/$0.25
6/1/2017,11:38:52 AM,6/1/2017,12:26:09 PM,pmarr,Coast,Cash Game,Omaha - PL,$0.10/$0.25
6/1/2017,11:39:59 AM,6/1/2017,12:27:22 PM,pmarr,Christal,Cash Game,Omaha - PL,$0.10/$0.25
6/1/2017,11:41:06 AM,6/1/2017,12:28:35 PM,pmarr,Christer,Cash Game,Omaha - PL,$0.10/$0.25
6/1/2017,11:42:13 AM,6/1/2017,12:29:48 PM,pmarr,Christoph,Cash Game,Omaha - PL,$0.10/$0.25
6/1/2017,11:43:20 AM,6/1/2017,12:31:01 PM,pmarr,Chrystal,Cash Game,Omaha - PL,$0.10/$0.25
6/1/2017,11:44:27 AM,6/1/2017,12:32:14 PM,pmarr,Colleen,Cash Game,Omaha - PL,$0.10/$0.25
6/1/2017,11:45:34 AM,6/1/2017,12:33:27 PM,pmarr,Alison,Cash Game,Omaha - PL,$0.10/$0.25
6/1/2017,11:46:41 AM,6/1/2017,12:34:40 PM,pmarr,Cidero,Cash Game,Omaha - PL,$0.10/$0.25
6/1/2017,11:47:48 AM,6/1/2017,12:35:53 PM,pmarr,Cieran,Cash Game,Omaha - PL,$0.10/$0.25
6/1/2017,11:48:55 AM,6/1/2017,12:37:06 PM,pmarr,Connor,Cash Game,Omaha - PL,$0.10/$0.25
6/1/2017,11:50:02 AM,6/1/2017,12:38:19 PM,pmarr,Coast,Cash Game,Omaha - PL,$0.10/$0.25
6/1/2017,11:51:09 AM,6/1/2017,12:39:32 PM,pmarr,Christal,Cash Game,Omaha - PL,$0.10/$0.25
6/1/2017,11:52:16 AM,6/1/2017,12:40:45 PM,pmarr,Christer,Cash Game,Omaha - PL,$0.10/$0.25
6/1/2017,11:53:23 AM,6/1/2017,12:41:58 PM,pmarr,Christoph,Cash Game,Omaha - PL,$0.10/$0.25
6/1/2017,11:54:30 AM,6/1/2017,12:43:11 PM,pmarr,Chrystal,Cash Game,Omaha - PL,$0.10/$0.25
6/1/2017,11:55:37 AM,6/1/2017,12:44:24 PM,pmarr,Colleen,Cash Game,Omaha - PL,$0.10/$0.25
6/1/2017,11:56:44 AM,6/1/2017,12:45:37 PM,pmarr,Alison,Cash Game,Omaha - PL,$0.10/$0.25
6/1/2017,11:57:51 AM,6/1/2017,12:46:50 PM,pmarr,Cidero,Cash Game,Omaha - PL,$0.10/$0.25
6/1/2017,11:58:58 AM,6/1/2017,12:48:03 PM,pmarr,Cieran,Cash Game,Omaha - PL,$0.10/$0.25
6/1/2017,12:00:05 PM,6/1/2017,12:49:16 PM,pmarr,Connor,Cash Game,Omaha - PL,$0.10/$0.25
6/1/2017,12:01:12 PM,6/1/2017,12:50:29 PM,pmarr,Coast,Cash Game,Omaha - PL,$0.10/$0.25
6/1/2017,12:02:19 PM,6/1/2017,12:51:42 PM,pmarr,Christal,Cash Game,Omaha - PL,$0.10/$0.25
6/1/2017,12:03:26 PM,6/1/2017,12:52:55 PM,pmarr,Christer,Cash Game,Omaha - PL,$0.10/$0.25
6/1/2017,12:04:33 PM,6/1/2017,12:54:08 PM,pmarr,Christoph,Cash Game,Omaha - PL,$0.10/$0.25
6/1/2017,12:05:40 PM,6/1/2017,12:55:21 PM,pmarr,Chrystal,Cash Game,Omaha - PL,$0.10/$0.25
6/1/2017,12:06:47 PM,6/1/2017,12:56:34 PM,pmarr,Colleen,Cash Game,Omaha - PL,$0.10/$0.25
6/1/2017,12:07:54 PM,6/1/2017,12:57:47 PM,pmarr,Alison,Cash Game,Omaha - PL,$0.10/$0.25
6/1/2017,12:09:01 PM,6/1/2017,12:59:00 PM,pmarr,Cidero,Cash Game,Omaha - PL,$0.10/$0.25
6/1/2017,12:10:08 PM,6/1/2017,1:00:13 PM,pmarr,Cieran,Cash Game,Omaha - PL,$0.10/$0.25
6/1/2017,12:11:15 PM,6/1/2017,1:01:26 PM,pmarr,Connor,Cash Game,Omaha - PL,$0.10/$0.25
6/1/2017,12:12:22 PM,6/1/2017,1:02:39 PM,pmarr,Coast,Cash Game,Omaha - PL,$0.10/$0.25
6/1/2017,12:13:29 PM,6/1/2017,1:03:52 PM,pmarr,Christal,Cash Game,Omaha - PL,$0.10/$0.25
6/1/2017,12:14:36 PM,6/1/2017,1:05:05 PM,pmarr,Christer,Cash Game,Omaha - PL,$0.10/$0.25
6/1/2017,12:15:43 PM,6/1/2017,1:06:18 PM,pmarr,Christoph,Cash Game,Omaha - PL,$0.10/$0.25
6/1/2017,12:16:50 PM,6/1/2017,1:07:31 PM,pmarr,Chrystal,Cash Game,Omaha - PL,$0.10/$0.25
6/1/2017,12:17:57 PM,6/1/2017,1:08:44 PM,pmarr,Colleen,Cash Game,Omaha - PL,$0.10/$0.25
6/1/2017,12:19:04 PM,6/1/2017,1:09:57 PM,pmarr,Alison,Cash Game,Omaha - PL,$0.10/$0.25
6/1/2017,12:20:11 PM,6/1/2017,1:11:10 PM,pmarr,Cidero,Cash Game,Omaha - PL,$0.10/$0.25
6/1/2017,12:21:18 PM,6/1/2017,1:12:23 PM,pmarr,Cieran,Cash Game,Omaha - PL,$0.10/$0.25
6/1/2017,12:22:25 PM,6/1/2017,1:13:36 PM,pmarr,Connor,Cash Game,Omaha - PL,$0.10/$0.25
6/1/2017,12:23:32 PM,6/1/2017,1:14:49 PM,pmarr,Coast,Cash Game,Omaha - PL,$0.10/$0.25
6/1/2017,12:24:39 PM,6/1/2017,1:16:02 PM,pmarr,Christal,Cash Game,Omaha - PL,$0.10/$0.25
6/1/2017,12:25:46 PM,6/1/2017,1:17:15 PM,pmarr,Christer,Cash Game,Omaha - PL,$0.10/$0.25
6/1/2017,12:26:53 PM,6/1/2017,1:18:28 PM,pmarr,Christoph,Cash Game,Omaha - PL,$0.10/$0.25
6/1/2017,12:28:00 PM,6/1/2017,1:19:41 PM,pmarr,Chrystal,Cash Game,Omaha - PL,$0.10/$0.25
6/1/2017,12:29:07 PM,6/1/2017,1:20:54 PM,pmarr,Colleen,Cash Game,Omaha - PL,$0.10/$0.25
6/1/2017,12:30:14 PM,6/1/2017,1:22:07 PM,pmarr,Alison,Cash Game,Omaha - PL,$0.10/$0.25
6/1/2017,12:31:21 PM,6/1/2017,1:23:20 PM,pmarr,Cidero,Cash Game,Omaha - PL,$0.10/$0.25
6/1/2017,12:32:28 PM,6/1/2017,1:24:33 PM,pmarr,Cieran,Cash Game,Omaha - PL,$0.10/$0.25
6/1/2017,12:33:35 PM,6/1/2017,1:25:46 PM,pmarr,Connor,Cash Game,Omaha - PL,$0.10/$0.25
6/1/2017,12:34:42 PM,6/1/2017,1:26:59 PM,pmarr,Coast,Cash Game,Omaha - PL,$0.10/$0.25
6/1/2017,12:35:49 PM,6/1/2017,1:28:12 PM,pmarr,Christal,Cash Game,Omaha - PL,$0.10/$0.25
6/1/2017,12:36:56 PM,6/1/2017,1:29:25 PM,pmarr,Christer,Cash Game,Omaha - PL,$0.10/$0.25
6/1/2017,12:38:03 PM,6/1/2017,1:30:38 PM,pmarr,Christoph,Cash Game,Omaha - PL,$0.10/$0.25
6/1/2017,12:39:10 PM,6/1/2017,1:31:51 PM,pmarr,Chrystal,Cash Game,Omaha - PL,$0.10/$0.25
6/1/2017,12:40:17 PM,6/1/2017,1:33:04 PM,pmarr,Colleen,Cash Game,Omaha - PL,$0.10/$0.25
6/1/2017,12:41:24 PM,6/1/2017,1:34:17 PM,pmarr,Alison,Cash Game,Omaha - PL,$0.10/$0.25
6/1/2017,12:42:31 PM,6/1/2017,1:35:30 PM,pmarr,Cidero,Cash Game,Omaha - PL,$0.10/$0.25
6/1/2017,12:43:38 PM,6/1/2017,1:36:43 PM,pmarr,Cieran,Cash Game,Omaha - PL,$0.10/$0.25
6/1/2017,12:44:45 PM,6/1/2017,1:37:56 PM,pmarr,Connor,Cash Game,Omaha - PL,$0.10/$0.25
6/1/2017,12:45:52 PM,6/1/2017,1:39:09 PM,pmarr,Coast,Cash Game,Omaha - PL,$0.10/$0.25
6/1/2017,12:46:59 PM,6/1/2017,1:40:22 PM,pmarr,Christal,Cash Game,Omaha - PL,$0.10/$0.25
6/1/2017,12:48:06 PM,6/1/2017,1:41:35 PM,pmarr,Christer,Cash Game,Omaha - PL,$0.10/$0.25
6/1/2017,12:49:13 PM,6/1/2017,1:42:48 PM,pmarr,Christoph,Cash Game,Omaha - PL,$0.10/$0.25
6/1/2017,12:50:20 PM,6/1/2017,1:44:01 PM,pmarr,Chrystal,Cash Game,Omaha - PL,$0.10/$0.25
6/1/2017,12:51:27 PM,6/1/2017,1:45:14 PM,pmarr,Colleen,Cash Game,Omaha - PL,$0.10/$0.25
6/1/2017,12:52:34 PM,6/1/2017,1:46:27 PM,pmarr,Alison,Cash Game,Omaha - PL,$0.10/$0.25
6/1/2017,12:53:41 PM,6/1/2017,1:47:40 PM,pmarr,Cidero,Cash Game,Omaha - PL,$0.10/$0.25
6/1/2017,12:54:48 PM,6/1/2017,1:48:53 PM,pmarr,Cieran,Cash Game,Omaha - PL,$0.10/$0.25
6/1/2017,12:55:55 PM,6/1/2017,1:50:06 PM,pmarr,Connor,Cash Game,Omaha - PL,$0.10/$0.25
6/1/2017,12:57:02 PM,6/1/2017,1:51:19 PM,pmarr,Coast,Cash Game,Omaha - PL,$0.10/$0.25
6/1/2017,12:58:09 PM,6/1/2017,1:52:32 PM,pmarr,Christal,Cash Game,Omaha - PL,$0.10/$0.25
6/1/2017,12:59:16 PM,6/1/2017,1:53:45 PM,pmarr,Christer,Cash Game,Omaha - PL,$0.10/$0.25
6/1/2017,1:00:23 PM,6/1/2017,1:54:58 PM,pmarr,Christoph,Cash Game,Omaha - PL,$0.10/$0.25
6/1/2017,1:01:30 PM,6/1/2017,1:56:11 PM,pmarr,Chrystal,Cash Game,Omaha - PL,$0.10/$0.25
6/1/2017,1:02:37 PM,6/1/2017,1:57:24 PM,pmarr,Colleen,Cash Game,Omaha - PL,$0.10/$0.25
6/1/2017,1:03:44 PM,6/1/2017,1:58:37 PM,pmarr,Alison,Cash Game,Omaha - PL,$0.10/$0.25
6/1/2017,1:04:51 PM,6/1/2017,1:59:50 PM,pmarr,Cidero,Cash Game,Omaha - PL,$0.10/$0.25
6/1/2017,1:05:58 PM,6/1/2017,2:01:03 PM,pmarr,Cieran,Cash Game,Omaha - PL,$0.10/$0.25
6/1/2017,1:07:05 PM,6/1/2017,2:02:16 PM,pmarr,Connor,Cash Game,Omaha - PL,$0.10/$0.25
6/1/2017,1:08:12 PM,6/1/2017,2:03:29 PM,pmarr,Coast,Cash Game,Omaha - PL,$0.10/$0.25
6/1/2017,1:09:19 PM,6/1/2017,2:04:42 PM,pmarr,Christal,Cash Game,Omaha - PL,$0.10/$0.25
6/1/2017,1:10:26 PM,6/1/2017,2:05:55 PM,pmarr,Christer,Cash Game,Omaha - PL,$0.10/$0.25
6/1/2017,1:11:33 PM,6/1/2017,2:07:08 PM,pmarr,Christoph,Cash Game,Omaha - PL,$0.10/$0.25
6/1/2017,1:12:40 PM,6/1/2017,2:08:21 PM,pmarr,Chrystal,Cash Game,Omaha - PL,$0.10/$0.25
6/1/2017,1:13:47 PM,6/1/2017,2:09:34 PM,pmarr,Colleen,Cash Game,Omaha - PL,$0.10/$0.25
6/1/2017,1:14:54 PM,6/1/2017,2:10:47 PM,pmarr,Alison,Cash Game,Omaha - PL,$0.10/$0.25
6/1/2017,1:16:01 PM,6/1/2017,2:12:00 PM,pmarr,Cidero,Cash Game,Omaha - PL,$0.10/$0.25
6/1/2017,1:17:08 PM,6/1/2017,2:13:13 PM,pmarr,Cieran,Cash Game,Omaha - PL,$0.10/$0.25
6/1/2017,1:18:15 PM,6/1/2017,2:14:26 PM,pmarr,Connor,Cash Game,Omaha - PL,$0.10/$0.25
6/1/2017,1:19:22 PM,6/1/2017,2:15:39 PM,pmarr,Coast,Cash Game,Omaha - PL,$0.10/$0.25
6/1/2017,1:20:29 PM,6/1/2017,2:16:52 PM,pmarr,Christal,Cash Game,Omaha - PL,$0.10/$0.25
6/1/2017,1:21:36 PM,6/1/2017,2:18:05 PM,pmarr,Christer,Cash Game,Omaha - PL,$0.10/$0.25
6/1/2017,1:22:43 PM,6/1/2017,2:19:18 PM,pmarr,Christoph,Cash Game,Omaha - PL,$0.10/$0.25
6/1/2017,1:23:50 PM,6/1/2017,2:20:31 PM,pmarr,Chrystal,Cash Game,Omaha - PL,$0.10/$0.25
6/1/2017,1:24:57 PM,6/1/2017,2:21:44 PM,pmarr,Colleen,Cash Game,Omaha - PL,$0.10/$0.25
6/1/2017,1:26:04 PM,6/1/2017,2:22:57 PM,pmarr,Alison,Cash Game,Omaha - PL,$0.10/$0.25
6/1/2017,1:27:11 PM,6/1/2017,2:24:10 PM,pmarr,Cidero,Cash Game,Omaha - PL,$0.10/$0.25
6/1/2017,1:28:18 PM,6/1/2017,2:25:23 PM,pmarr,Cieran,Cash Game,Omaha - PL,$0.10/$0.25
6/1/2017,1:29:25 PM,6/1/2017,2:26:36 PM,pmarr,Connor,Cash Game,Omaha - PL,$0.10/$0.25
6/1/2017,1:30:32 PM,6/1/2017,2:27:49 PM,pmarr,Coast,Cash Game,Omaha - PL,$0.10/$0.25
6/1/2017,1:31:39 PM,6/1/2017,2:29:02 PM,pmarr,Christal,Cash Game,Omaha - PL,$0.10/$0.25
6/1/2017,1:32:46 PM,6/1/2017,2:30:15 PM,pmarr,Christer,Cash Game,Omaha - PL,$0.10/$0.25
6/1/2017,1:33:53 PM,6/1/2017,2:31:28 PM,pmarr,Christoph,Cash Game,Omaha - PL,$0.10/$0.25
6/1/2017,1:35:00 PM,6/1/2017,2:32:41 PM,pmarr,Chrystal,Cash Game,Omaha - PL,$0.10/$0.25
6/1/2017,1:36:07 PM,6/1/2017,2:33:54 PM,pmarr,Colleen,Cash Game,Omaha - PL,$0.10/$0.25
6/1/2017,1:37:14 PM,6/1/2017,2:35:07 PM,pmarr,Alison,Cash Game,Omaha - PL,$0.10/$0.25
6/1/2017,1:38:21 PM,6/1/2017,2:36:20 PM,pmarr,Cidero,Cash Game,Omaha - PL,$0.10/$0.25
6/1/2017,1:39:28 PM,6/1/2017,2:37:33 PM,pmarr,Cieran,Cash Game,Omaha - PL,$0.10/$0.25
6/1/2017,1:40:35 PM,6/1/2017,2:38:46 PM,pmarr,Connor,Cash Game,Omaha - PL,$0.10/$0.25
6/1/2017,1:41:42 PM,6/1/2017,2:39:59 PM,pmarr,Coast,Cash Game,Omaha - PL,$0.10/$0.25
6/1/2017,1:42:49 PM,6/1/2017,2:41:12 PM,pmarr,Christal,Cash Game,Omaha - PL,$0.10/$0.25
6/1/2017,1:43:56 PM,6/1/2017,2:42:25 PM,pmarr,Christer,Cash Game,Omaha - PL,$0.10/$0.25
6/1/2017,1:45:03 PM,6/1/2017,2:43:38 PM,pmarr,Christoph,Cash Game,Omaha - PL,$0.10/$0.25
6/1/2017,1:46:10 PM,6/1/2017,2:44:51 PM,pmarr,Chrystal,Cash Game,Omaha - PL,$0.10/$0.25
6/1/2017,1:47:17 PM,6/1/2017,2:46:04 PM,pmarr,Colleen,Cash Game,Omaha - PL,$0.10/$0.25
6/1/2017,1:48:24 PM,6/1/2017,2:47:17 PM,pmarr,Alison,Cash Game,Omaha - PL,$0.10/$0.25
6/1/2017,1:49:31 PM,6/1/2017,2:48:30 PM,pmarr,Cidero,Cash Game,Omaha - PL,$0.10/$0.25
6/1/2017,1:50:38 PM,6/1/2017,2:49:43 PM,pmarr,Cieran,Cash Game,Omaha - PL,$0.10/$0.25
6/1/2017,1:51:45 PM,6/1/2017,2:50:56 PM,pmarr,Connor,Cash Game,Omaha - PL,$0.10/$0.25
6/1/2017,1:52:52 PM,6/1/2017,2:52:09 PM,pmarr,Coast,Cash Game,Omaha - PL,$0.10/$0.25
6/1/2017,1:53:59 PM,6/1/2017,2:53:22 PM,pmarr,Christal,Cash Game,Omaha - PL,$0.10/$0.25
6/1/2017,1:55:06 PM,6/1/2017,2:54:35 PM,pmarr,Christer,Cash Game,Omaha - PL,$0.10/$0.25
6/1/2017,1:56:13 PM,6/1/2017,2:55:48 PM,pmarr,Christoph,Cash Game,Omaha - PL,$0.10/$0.25
6/1/2017,1:57:20 PM,6/1/2017,2:57:01 PM,pmarr,Chrystal,Cash Game,Omaha - PL,$0.10/$0.25
6/1/2017,1:58:27 PM,6/1/2017,2:58:14 PM,pmarr,Colleen,Cash Game,Omaha - PL,$0.10/$0.25
6/1/2017,1:59:34 PM,6/1/2017,2:59:27 PM,pmarr,Alison,Cash Game,Omaha - PL,$0.10/$0.25
6/1/2017,2:00:41 PM,6/1/2017,3:00:40 PM,pmarr,Cidero,Cash Game,Omaha - PL,$0.10/$0.25
6/1/2017,2:01:48 PM,6/1/2017,3:01:53 PM,pmarr,Cieran,Cash Game,Omaha - PL,$0.10/$0.25
6/1/2017,2:02:55 PM,6/1/2017,3:03:06 PM,pmarr,Connor,Cash Game,Omaha - PL,$0.10/$0.25
6/1/2017,2:04:02 PM,6/1/2017,3:04:19 PM,pmarr,Coast,Cash Game,Omaha - PL,$0.10/$0.25
6/1/2017,2:05:09 PM,6/1/2017,3:05:32 PM,pmarr,Christal,Cash Game,Omaha - PL,$0.10/$0.25
6/1/2017,2:06:16 PM,6/1/2017,3:06:45 PM,pmarr,Christer,Cash Game,Omaha - PL,$0.10/$0.25
6/1/2017,2:07:23 PM,6/1/2017,3:07:58 PM,pmarr,Christoph,Cash Game,Omaha - PL,$0.10/$0.25
6/1/2017,2:08:30 PM,6/1/2017,3:09:11 PM,pmarr,Chrystal,Cash Game,Omaha - PL,$0.10/$0.25
6/1/2017,2:09:37 PM,6/1/2017,3:10:24 PM,pmarr,Colleen,Cash Game,Omaha - PL,$0.10/$0.25
6/1/2017,2:10:44 PM,6/1/2017,3:11:37 PM,pmarr,Alison,Cash Game,Omaha - PL,$0.10/$0.25
6/1/2017,2:11:51 PM,6/1/2017,3:12:50 PM,pmarr,Cidero,Cash Game,Omaha - PL,$0.10/$0.25
6/1/2017,2:12:58 PM,6/1/2017,3:14:03 PM,pmarr,Cieran,Cash Game,Omaha - PL,$0.10/$0.25
6/1/2017,2:14:05 PM,6/1/2017,3:15:16 PM,pmarr,Connor,Cash Game,Omaha - PL,$0.10/$0.25
6/1/2017,2:15:12 PM,6/1/2017,3:16:29 PM,pmarr,Coast,Cash Game,Omaha - PL,$0.10/$0.25
6/1/2017,2:16:19 PM,6/1/2017,3:17:42 PM,pmarr,Christal,Cash Game,Omaha - PL,$0.10/$0.25
6/1/2017,2:17:26 PM,6/1/2017,3:18:55 PM,pmarr,Christer,Cash Game,Omaha - PL,$0.10/$0.25
6/1/2017,2:18:33 PM,6/1/2017,3:20:08 PM,pmarr,Christoph,Cash Game,Omaha - PL,$0.10/$0.25
6/1/2017,2:19:40 PM,6/1/2017,3:21:21 PM,pmarr,Chrystal,Cash Game,Omaha - PL,$0.10/$0.25
6/1/2017,2:20:47 PM,6/1/2017,3:22:34 PM,pmarr,Colleen,Cash Game,Omaha - PL,$0.10/$0.25
6/1/2017,2:21:54 PM,6/1/2017,3:23:47 PM,pmarr,Alison,Cash Game,Omaha - PL,$0.10/$0.25
6/1/2017,2:23:01 PM,6/1/2017,3:25:00 PM,pmarr,Cidero,Cash Game,Omaha - PL,$0.10/$0.25
6/1/2017,2:24:08 PM,6/1/2017,3:26:13 PM,pmarr,Cieran,Cash Game,Omaha - PL,$0.10/$0.25
6/1/2017,2:25:15 PM,6/1/2017,3:27:26 PM,pmarr,Connor,Cash Game,Omaha - PL,$0.10/$0.25
6/1/2017,2:26:22 PM,6/1/2017,3:28:39 PM,pmarr,Coast,Cash Game,Omaha - PL,$0.10/$0.25
6/1/2017,2:27:29 PM,6/1/2017,3:29:52 PM,pmarr,Christal,Cash Game,Omaha - PL,$0.10/$0.25
6/1/2017,2:28:36 PM,6/1/2017,3:31:05 PM,pmarr,Christer,Cash Game,Omaha - PL,$0.10/$0.25
6/1/2017,2:29:43 PM,6/1/2017,3:32:18 PM,pmarr,Christoph,Cash Game,Omaha - PL,$0.10/$0.25
6/1/2017,2:30:50 PM,6/1/2017,3:33:31 PM,pmarr,Chrystal,Cash Game,Omaha - PL,$0.10/$0.25
6/1/2017,2:31:57 PM,6/1/2017,3:34:44 PM,pmarr,Colleen,Cash Game,Omaha - PL,$0.10/$0.25
6/1/2017,2:33:04 PM,6/1/2017,3:35:57 PM,pmarr,Alison,Cash Game,Omaha - PL,$0.10/$0.25
6/1/2017,2:34:11 PM,6/1/2017,3:37:10 PM,pmarr,Cidero,Cash Game,Omaha - PL,$0.10/$0.25
6/1/2017,2:35:18 PM,6/1/2017,3:38:23 PM,pmarr,Cieran,Cash Game,Omaha - PL,$0.10/$0.25
6/1/2017,2:36:25 PM,6/1/2017,3:39:36 PM,pmarr,Connor,Cash Game,Omaha - PL,$0.10/$0.25
6/1/2017,2:37:32 PM,6/1/2017,3:40:49 PM,pmarr,Coast,Cash Game,Omaha - PL,$0.10/$0.25
6/1/2017,2:38:39 PM,6/1/2017,3:42:02 PM,pmarr,Christal,Cash Game,Omaha - PL,$0.10/$0.25
6/1/2017,2:39:46 PM,6/1/2017,3:43:15 PM,pmarr,Christer,Cash Game,Omaha - PL,$0.10/$0.25
6/1/2017,2:40:53 PM,6/1/2017,3:44:28 PM,pmarr,Christoph,Cash Game,Omaha - PL,$0.10/$0.25
6/1/2017,2:42:00 PM,6/1/2017,3:45:41 PM,pmarr,Chrystal,Cash Game,Omaha - PL,$0.10/$0.25
6/1/2017,2:43:07 PM,6/1/2017,3:46:54 PM,pmarr,Colleen,Cash Game,Omaha - PL,$0.10/$0.25
6/1/2017,2:44:14 PM,6/1/2017,3:48:07 PM,pmarr,Alison,Cash Game,Omaha - PL,$0.10/$0.25
6/1/2017,2:45:21 PM,6/1/2017,3:49:20 PM,pmarr,Cidero,Cash Game,Omaha - PL,$0.10/$0.25
6/1/2017,2:46:28 PM,6/1/2017,3:50:33 PM,pmarr,Cieran,Cash Game,Omaha - PL,$0.10/$0.25
6/1/2017,2:47:35 PM,6/1/2017,3:51:46 PM,pmarr,Connor,Cash Game,Omaha - PL,$0.10/$0.25
6/1/2017,2:48:42 PM,6/1/2017,3:52:59 PM,pmarr,Coast,Cash Game,Omaha - PL,$0.10/$0.25
6/1/2017,2:49:49 PM,6/1/2017,3:54:12 PM,pmarr,Christal,Cash Game,Omaha - PL,$0.10/$0.25
6/1/2017,2:50:56 PM,6/1/2017,3:55:25 PM,pmarr,Christer,Cash Game,Omaha - PL,$0.10/$0.25
6/1/2017,2:52:03 PM,6/1/2017,3:56:38 PM,pmarr,Christoph,Cash Game,Omaha - PL,$0.10/$0.25
6/1/2017,2:53:10 PM,6/1/2017,3:57:51 PM,pmarr,Chrystal,Cash Game,Omaha - PL,$0.10/$0.25
6/1/2017,2:54:17 PM,6/1/2017,3:59:04 PM,pmarr,Colleen,Cash Game,Omaha - PL,$0.10/$0.25
6/1/2017,2:55:24 PM,6/1/2017,4:00:17 PM,pmarr,Alison,Cash Game,Omaha - PL,$0.10/$0.25
6/1/2017,2:56:31 PM,6/1/2017,4:01:30 PM,pmarr,Cidero,Cash Game,Omaha - PL,$0.10/$0.25
6/1/2017,2:57:38 PM,6/1/2017,4:02:43 PM,pmarr,Cieran,Cash Game,Omaha - PL,$0.10/$0.25
6/1/2017,2:58:45 PM,6/1/2017,4:03:56 PM,pmarr,Connor,Cash Game,Omaha - PL,$0.10/$0.25
6/1/2017,2:59:52 PM,6/1/2017,4:05:09 PM,pmarr,Coast,Cash Game,Omaha - PL,$0.10/$0.25
6/1/2017,3:00:59 PM,6/1/2017,4:06:22 PM,pmarr,Christal,Cash Game,Omaha - PL,$0.10/$0.25
6/1/2017,3:02:06 PM,6/1/2017,4:07:35 PM,pmarr,Christer,Cash Game,Omaha - PL,$0.10/$0.25
6/1/2017,3:03:13 PM,6/1/2017,4:08:48 PM,pmarr,Christoph,Cash Game,Omaha - PL,$0.10/$0.25
6/1/2017,3:04:20 PM,6/1/2017,4:10:01 PM,pmarr,Chrystal,Cash Game,Omaha - PL,$0.10/$0.25
6/1/2017,3:05:27 PM,6/1/2017,4:11:14 PM,pmarr,Colleen,Cash Game,Omaha - PL,$0.10/$0.25
6/1/2017,3:06:34 PM,6/1/2017,4:12:27 PM,pmarr,Alison,Cash Game,Omaha - PL,$0.10/$0.25
6/1/2017,3:07:41 PM,6/1/2017,4:13:40 PM,pmarr,Cidero,Cash Game,Omaha - PL,$0.10/$0.25
6/1/2017,3:08:48 PM,6/1/2017,4:14:53 PM,pmarr,Cieran,Cash Game,Omaha - PL,$0.10/$0.25
6/1/2017,3:09:55 PM,6/1/2017,4:16:06 PM,pmarr,Connor,Cash Game,Omaha - PL,$0.10/$0.25
6/1/2017,3:11:02 PM,6/1/2017,4:17:19 PM,pmarr,Coast,Cash Game,Omaha - PL,$0.10/$0.25
6/1/2017,3:12:09 PM,6/1/2017,4:18:32 PM,pmarr,Christal,Cash Game,Omaha - PL,$0.10/$0.25
6/1/2017,3:13:16 PM,6/1/2017,4:19:45 PM,pmarr,Christer,Cash Game,Omaha - PL,$0.10/$0.25
6/1/2017,3:14:23 PM,6/1/2017,4:20:58 PM,pmarr,Christoph,Cash Game,Omaha - PL,$0.10/$0.25
6/1/2017,3:15:30 PM,6/1/2017,4:22:11 PM,pmarr,Chrystal,Cash Game,Omaha - PL,$0.10/$0.25
6/1/2017,3:16:37 PM,6/1/2017,4:23:24 PM,pmarr,Colleen,Cash Game,Omaha - PL,$0.10/$0.25
6/1/2017,3:17:44 PM,6/1/2017,4:24:37 PM,pmarr,Alison,Cash Game,Omaha - PL,$0.10/$0.25
6/1/2017,3:18:51 PM,6/1/2017,4:25:50 PM,pmarr,Cidero,Cash Game,Omaha - PL,$0.10/$0.25
6/1/2017,3:19:58 PM,6/1/2017,4:27:03 PM,pmarr,Cieran,Cash Game,Omaha - PL,$0.10/$0.25
6/1/2017,3:21:05 PM,6/1/2017,4:28:16 PM,pmarr,Connor,Cash Game,Omaha - PL,$0.10/$0.25
6/1/2017,3:22:12 PM,6/1/2017,4:29:29 PM,pmarr,Coast,Cash Game,Omaha - PL,$0.10/$0.25
6/1/2017,3:23:19 PM,6/1/2017,4:30:42 PM,pmarr,Christal,Cash Game,Omaha - PL,$0.10/$0.25
6/1/2017,3:24:26 PM,6/1/2017,4:31:55 PM,pmarr,Christer,Cash Game,Omaha - PL,$0.10/$0.25
6/1/2017,3:25:33 PM,6/1/2017,4:33:08 PM,pmarr,Christoph,Cash Game,Omaha - PL,$0.10/$0.25
6/1/2017,3:26:40 PM,6/1/2017,4:34:21 PM,pmarr,Chrystal,Cash Game,Omaha - PL,$0.10/$0.25
6/1/2017,3:27:47 PM,6/1/2017,4:35:34 PM,pmarr,Colleen,Cash Game,Omaha - PL,$0.10/$0.25
6/1/2017,3:28:54 PM,6/1/2017,4:36:47 PM,pmarr,Alison,Cash Game,Omaha - PL,$0.10/$0.25
6/1/2017,3:30:01 PM,6/1/2017,4:38:00 PM,pmarr,Cidero,Cash Game,Omaha - PL,$0.10/$0.25
6/1/2017,3:31:08 PM,6/1/2017,4:39:13 PM,pmarr,Cieran,Cash Game,Omaha - PL,$0.10/$0.25
6/1/2017,3:32:15 PM,6/1/2017,4:40:26 PM,pmarr,Connor,Cash Game,Omaha - PL,$0.10/$0.25
6/1/2017,3:33:22 PM,6/1/2017,4:41:39 PM,pmarr,Coast,Cash Game,Omaha - PL,$0.10/$0.25
6/1/2017,3:34:29 PM,6/1/2017,4:42:52 PM,pmarr,Christal,Cash Game,Omaha - PL,$0.10/$0.25
6/1/2017,3:35:36 PM,6/1/2017,4:44:05 PM,pmarr,Christer,Cash Game,Omaha - PL,$0.10/$0.25
6/1/2017,3:36:43 PM,6/1/2017,4:45:18 PM,pmarr,Christoph,Cash Game,Omaha - PL,$0.10/$0.25
6/1/2017,3:37:50 PM,6/1/2017,4:46:31 PM,pmarr,Chrystal,Cash Game,Omaha - PL,$0.10/$0.25
6/1/2017,3:38:57 PM,6/1/2017,4:47:44 PM,pmarr,Colleen,Cash Game,Omaha - PL,$0.10/$0.25
6/1/2017,3:40:04 PM,6/1/2017,4:48:57 PM,pmarr,Alison,Cash Game,Omaha - PL,$0.10/$0.25
6/1/2017,3:41:11 PM,6/1/2017,4:50:10 PM,pmarr,Cidero,Cash Game,Omaha - PL,$0.10/$0.25
6/1/2017,3:42:18 PM,6/1/2017,4:51:23 PM,pmarr,Cieran,Cash Game,Omaha - PL,$0.10/$0.25
6/1/2017,3:43:25 PM,6/1/2017,4:52:36 PM,pmarr,Connor,Cash Game,Omaha - PL,$0.10/$0.25
6/1/2017,3:44:32 PM,6/1/2017,4:53:49 PM,pmarr,Coast,Cash Game,Omaha - PL,$0.10/$0.25
6/1/2017,3:45:39 PM,6/1/2017,4:55:02 PM,pmarr,Christal,Cash Game,Omaha - PL,$0.10/$0.25
6/1/2017,3:46:46 PM,6/1/2017,4:56:15 PM,pmarr,Christer,Cash Game,Omaha - PL,$0.10/$0.25
6/1/2017,3:47:53 PM,6/1/2017,4:57:28 PM,pmarr,Christoph,Cash Game,Omaha - PL,$0.10/$0.25
6/1/2017,3:49:00 PM,6/1/2017,4:58:41 PM,pmarr,Chrystal,Cash Game,Omaha - PL,$0.10/$0.25
6/1/2017,3:50:07 PM,6/1/2017,4:59:54 PM,pmarr,Colleen,Cash Game,Omaha - PL,$0.10/$0.25
6/1/2017,3:51:14 PM,6/1/2017,5:01:07 PM,pmarr,Alison,Cash Game,Omaha - PL,$0.10/$0.25
6/1/2017,3:52:21 PM,6/1/2017,5:02:20 PM,pmarr,Cidero,Cash Game,Omaha - PL,$0.10/$0.25
6/1/2017,3:53:28 PM,6/1/2017,5:03:33 PM,pmarr,Cieran,Cash Game,Omaha - PL,$0.10/$0.25
6/1/2017,3:54:35 PM,6/1/2017,5:04:46 PM,pmarr,Connor,Cash Game,Omaha - PL,$0.10/$0.25
6/1/2017,3:55:42 PM,6/1/2017,5:05:59 PM,pmarr,Coast,Cash Game,Omaha - PL,$0.10/$0.25
6/1/2017,3:56:49 PM,6/1/2017,5:07:12 PM,pmarr,Christal,Cash Game,Omaha - PL,$0.10/$0.25
6/1/2017,3:57:56 PM,6/1/2017,5:08:25 PM,pmarr,Christer,Cash Game,Omaha - PL,$0.10/$0.25
6/1/2017,3:59:03 PM,6/1/2017,5:09:38 PM,pmarr,Christoph,Cash Game,Omaha - PL,$0.10/$0.25
6/1/2017,4:00:10 PM,6/1/2017,5:10:51 PM,pmarr,Chrystal,Cash Game,Omaha - PL,$0.10/$0.25
6/1/2017,4:01:17 PM,6/1/2017,5:12:04 PM,pmarr,Colleen,Cash Game,Omaha - PL,$0.10/$0.25
6/1/2017,4:02:24 PM,6/1/2017,5:13:17 PM,pmarr,Alison,Cash Game,Omaha - PL,$0.10/$0.25
6/1/2017,4:03:31 PM,6/1/2017,5:14:30 PM,pmarr,Cidero,Cash Game,Omaha - PL,$0.10/$0.25
6/1/2017,4:04:38 PM,6/1/2017,5:15:43 PM,pmarr,Cieran,Cash Game,Omaha - PL,$0.10/$0.25
6/1/2017,4:05:45 PM,6/1/2017,5:16:56 PM,pmarr,Connor,Cash Game,Omaha - PL,$0.10/$0.25
6/1/2017,4:06:52 PM,6/1/2017,5:18:09 PM,pmarr,Coast,Cash Game,Omaha - PL,$0.10/$0.25
6/1/2017,4:07:59 PM,6/1/2017,5:19:22 PM,pmarr,Christal,Cash Game,Omaha - PL,$0.10/$0.25
6/1/2017,4:09:06 PM,6/1/2017,5:20:35 PM,pmarr,Christer,Cash Game,Omaha - PL,$0.10/$0.25
6/1/2017,4:10:13 PM,6/1/2017,5:21:48 PM,pmarr,Christoph,Cash Game,Omaha - PL,$0.10/$0.25
6/1/2017,4:11:20 PM,6/1/2017,5:23:01 PM,pmarr,Chrystal,Cash Game,Omaha - PL,$0.10/$0.25
6/1/2017,4:12:27 PM,6/1/2017,5:24:14 PM,pmarr,Colleen,Cash Game,Omaha - PL,$0.10/$0.25
6/1/2017,4:13:34 PM,6/1/2017,5:25:27 PM,pmarr,Alison,Cash Game,Omaha - PL,$0.10/$0.25
6/1/2017,4:14:41 PM,6/1/2017,5:26:40 PM,pmarr,Cidero,Cash Game,Omaha - PL,$0.10/$0.25
6/1/2017,4:15:48 PM,6/1/2017,5:27:53 PM,pmarr,Cieran,Cash Game,Omaha - PL,$0.10/$0.25
6/1/2017,4:16:55 PM,6/1/2017,5:29:06 PM,pmarr,Connor,Cash Game,Omaha - PL,$0.10/$0.25
6/1/2017,4:18:02 PM,6/1/2017,5:30:19 PM,pmarr,Coast,Cash Game,Omaha - PL,$0.10/$0.25
6/1/2017,4:19:09 PM,6/1/2017,5:31:32 PM,pmarr,Christal,Cash Game,Omaha - PL,$0.10/$0.25
6/1/2017,4:20:16 PM,6/1/2017,5:32:45 PM,pmarr,Christer,Cash Game,Omaha - PL,$0.10/$0.25
6/1/2017,4:21:23 PM,6/1/2017,5:33:58 PM,pmarr,Christoph,Cash Game,Omaha - PL,$0.10/$0.25
6/1/2017,4:22:30 PM,6/1/2017,5:35:11 PM,pmarr,Chrystal,Cash Game,Omaha - PL,$0.10/$0.25
6/1/2017,4:23:37 PM,6/1/2017,5:36:24 PM,pmarr,Colleen,Cash Game,Omaha - PL,$0.10/$0.25
6/1/2017,4:24:44 PM,6/1/2017,5:37:37 PM,pmarr,Alison,Cash Game,Omaha - PL,$0.10/$0.25
6/1/2017,4:25:51 PM,6/1/2017,5:38:50 PM,pmarr,Cidero,Cash Game,Omaha - PL,$0.10/$0.25
6/1/2017,4:26:58 PM,6/1/2017,5:40:03 PM,pmarr,Cieran,Cash Game,Omaha - PL,$0.10/$0.25
6/1/2017,4:28:05 PM,6/1/2017,5:41:16 PM,pmarr,Connor,Cash Game,Omaha - PL,$0.10/$0.25
6/1/2017,4:29:12 PM,6/1/2017,5:42:29 PM,pmarr,Coast,Cash Game,Omaha - PL,$0.10/$0.25
6/1/2017,4:30:19 PM,6/1/2017,5:43:42 PM,pmarr,Christal,Cash Game,Omaha - PL,$0.10/$0.25
6/1/2017,4:31:26 PM,6/1/2017,5:44:55 PM,pmarr,Christer,Cash Game,Omaha - PL,$0.10/$0.25
6/1/2017,4:32:33 PM,6/1/2017,5:46:08 PM,pmarr,Christoph,Cash Game,Omaha - PL,$0.10/$0.25
6/1/2017,4:33:40 PM,6/1/2017,5:47:21 PM,pmarr,Chrystal,Cash Game,Omaha - PL,$0.10/$0.25
6/1/2017,4:34:47 PM,6/1/2017,5:48:34 PM,pmarr,Colleen,Cash Game,Omaha - PL,$0.10/$0.25
6/1/2017,4:35:54 PM,6/1/2017,5:49:47 PM,pmarr,Alison,Cash Game,Omaha - PL,$0.10/$0.25
6/1/2017,4:37:01 PM,6/1/2017,5:51:00 PM,pmarr,Cidero,Cash Game,Omaha - PL,$0.10/$0.25
6/1/2017,4:38:08 PM,6/1/2017,5:52:13 PM,pmarr,Cieran,Cash Game,Omaha - PL,$0.10/$0.25
6/1/2017,4:39:15 PM,6/1/2017,5:53:26 PM,pmarr,Connor,Cash Game,Omaha - PL,$0.10/$0.25
6/1/2017,4:40:22 PM,6/1/2017,5:54:39 PM,pmarr,Coast,Cash Game,Omaha - PL,$0.10/$0.25
6/1/2017,4:41:29 PM,6/1/2017,5:55:52 PM,pmarr,Christal,Cash Game,Omaha - PL,$0.10/$0.25
6/1/2017,4:42:36 PM,6/1/2017,5:57:05 PM,pmarr,Christer,Cash Game,Omaha - PL,$0.10/$0.25
6/1/2017,4:43:43 PM,6/1/2017,5:58:18 PM,pmarr,Christoph,Cash Game,Omaha - PL,$0.10/$0.25
6/1/2017,4:44:50 PM,6/1/2017,5:59:31 PM,pmarr,Chrystal,Cash Game,Omaha - PL,$0.10/$0.25
6/1/2017,4:45:57 PM,6/1/2017,6:00:44 PM,pmarr,Colleen,Cash Game,Omaha - PL,$0.10/$0.25
6/1/2017,4:47:04 PM,6/1/2017,6:01:57 PM,pmarr,Alison,Cash Game,Omaha - PL,$0.10/$0.25
6/1/2017,4:48:11 PM,6/1/2017,6:03:10 PM,pmarr,Cidero,Cash Game,Omaha - PL,$0.10/$0.25
6/1/2017,4:49:18 PM,6/1/2017,6:04:23 PM,pmarr,Cieran,Cash Game,Omaha - PL,$0.10/$0.25
6/1/2017,4:50:25 PM,6/1/2017,6:05:36 PM,pmarr,Connor,Cash Game,Omaha - PL,$0.10/$0.25
6/1/2017,4:51:32 PM,6/1/2017,6:06:49 PM,pmarr,Coast,Cash Game,Omaha - PL,$0.10/$0.25
6/1/2017,4:52:39 PM,6/1/2017,6:08:02 PM,pmarr,Christal,Cash Game,Omaha - PL,$0.10/$0.25
6/1/2017,4:53:46 PM,6/1/2017,6:09:15 PM,pmarr,Christer,Cash Game,Omaha - PL,$0.10/$0.25
6/1/2017,4:54:53 PM,6/1/2017,6:10:28 PM,pmarr,Christoph,Cash Game,Omaha - PL,$0.10/$0.25
6/1/2017,4:56:00 PM,6/1/2017,6:11:41 PM,pmarr,Chrystal,Cash Game,Omaha - PL,$0.10/$0.25
6/1/2017,4:57:07 PM,6/1/2017,6:12:54 PM,pmarr,Colleen,Cash Game,Omaha - PL,$0.10/$0.25
6/1/2017,4:58:14 PM,6/1/2017,6:14:07 PM,pmarr,Alison,Cash Game,Omaha - PL,$0.10/$0.25
6/1/2017,4:59:21 PM,6/1/2017,6:15:20 PM,pmarr,Cidero,Cash Game,Omaha - PL,$0.10/$0.25
6/1/2017,5:00:28 PM,6/1/2017,6:16:33 PM,pmarr,Cieran,Cash Game,Omaha - PL,$0.10/$0.25
6/1/2017,5:01:35 PM,6/1/2017,6:17:46 PM,pmarr,Connor,Cash Game,Omaha - PL,$0.10/$0.25
6/1/2017,5:02:42 PM,6/1/2017,6:18:59 PM,pmarr,Coast,Cash Game,Omaha - PL,$0.10/$0.25
6/1/2017,5:03:49 PM,6/1/2017,6:20:12 PM,pmarr,Christal,Cash Game,Omaha - PL,$0.10/$0.25
6/1/2017,5:04:56 PM,6/1/2017,6:21:25 PM,pmarr,Christer,Cash Game,Omaha - PL,$0.10/$0.25
6/1/2017,5:06:03 PM,6/1/2017,6:22:38 PM,pmarr,Christoph,Cash Game,Omaha - PL,$0.10/$0.25
6/1/2017,5:07:10 PM,6/1/2017,6:23:51 PM,pmarr,Chrystal,Cash Game,Omaha - PL,$0.10/$0.25
6/1/2017,5:08:17 PM,6/1/2017,6:25:04 PM,pmarr,Colleen,Cash Game,Omaha - PL,$0.10/$0.25
6/1/2017,5:09:24 PM,6/1/2017,6:26:17 PM,pmarr,Alison,Cash Game,Omaha - PL,$0.10/$0.25
6/1/2017,5:10:31 PM,6/1/2017,6:27:30 PM,pmarr,Cidero,Cash Game,Omaha - PL,$0.10/$0.25
6/1/2017,5:11:38 PM,6/1/2017,6:28:43 PM,pmarr,Cieran,Cash Game,Omaha - PL,$0.10/$0.25
6/1/2017,5:12:45 PM,6/1/2017,6:29:56 PM,pmarr,Connor,Cash Game,Omaha - PL,$0.10/$0.25
6/1/2017,5:13:52 PM,6/1/2017,6:31:09 PM,pmarr,Coast,Cash Game,Omaha - PL,$0.10/$0.25
6/1/2017,5:14:59 PM,6/1/2017,6:32:22 PM,pmarr,Christal,Cash Game,Omaha - PL,$0.10/$0.25
6/1/2017,5:16:06 PM,6/1/2017,6:33:35 PM,pmarr,Christer,Cash Game,Omaha - PL,$0.10/$0.25
6/1/2017,5:17:13 PM,6/1/2017,6:34:48 PM,pmarr,Christoph,Cash Game,Omaha - PL,$0.10/$0.25
6/1/2017,5:18:20 PM,6/1/2017,6:36:01 PM,pmarr,Chrystal,Cash Game,Omaha - PL,$0.10/$0.25
6/1/2017,5:19:27 PM,6/1/2017,6:37:14 PM,pmarr,Colleen,Cash Game,Omaha - PL,$0.10/$0.25
6/1/2017,5:20:34 PM,6/1/2017,6:38:27 PM,pmarr,Alison,Cash Game,Omaha - PL,$0.10/$0.25
6/1/2017,5:21:41 PM,6/1/2017,6:39:40 PM,pmarr,Cidero,Cash Game,Omaha - PL,$0.10/$0.25
6/1/2017,5:22:48 PM,6/1/2017,6:40:53 PM,pmarr,Cieran,Cash Game,Omaha - PL,$0.10/$0.25
6/1/2017,5:23:55 PM,6/1/2017,6:42:06 PM,pmarr,Connor,Cash Game,Omaha - PL,$0.10/$0.25
6/1/2017,5:25:02 PM,6/1/2017,6:43:19 PM,pmarr,Coast,Cash Game,Omaha - PL,$0.10/$0.25
6/1/2017,5:26:09 PM,6/1/2017,6:44:32 PM,pmarr,Christal,Cash Game,Omaha - PL,$0.10/$0.25
6/1/2017,5:27:16 PM,6/1/2017,6:45:45 PM,pmarr,Christer,Cash Game,Omaha - PL,$0.10/$0.25
6/1/2017,5:28:23 PM,6/1/2017,6:46:58 PM,pmarr,Christoph,Cash Game,Omaha - PL,$0.10/$0.25
6/1/2017,5:29:30 PM,6/1/2017,6:48:11 PM,pmarr,Chrystal,Cash Game,Omaha - PL,$0.10/$0.25
6/1/2017,5:30:37 PM,6/1/2017,6:49:24 PM,pmarr,Colleen,Cash Game,Omaha - PL,$0.10/$0.25
6/1/2017,5:31:44 PM,6/1/2017,6:50:37 PM,pmarr,Alison,Cash Game,Omaha - PL,$0.10/$0.25
6/1/2017,5:32:51 PM,6/1/2017,6:51:50 PM,pmarr,Cidero,Cash Game,Omaha - PL,$0.10/$0.25
6/1/2017,5:33:58 PM,6/1/2017,6:53:03 PM,pmarr,Cieran,Cash Game,Omaha - PL,$0.10/$0.25
6/1/2017,5:35:05 PM,6/1/2017,6:54:16 PM,pmarr,Connor,Cash Game,Omaha - PL,$0.10/$0.25
6/1/2017,5:36:12 PM,6/1/2017,6:55:29 PM,pmarr,Coast,Cash Game,Omaha - PL,$0.10/$0.25
6/1/2017,5:37:19 PM,6/1/2017,6:56:42 PM,pmarr,Christal,Cash Game,Omaha - PL,$0.10/$0.25
6/1/2017,5:38:26 PM,6/1/2017,6:57:55 PM,pmarr,Christer,Cash Game,Omaha - PL,$0.10/$0.25
6/1/2017,5:39:33 PM,6/1/2017,6:59:08 PM,pmarr,Christoph,Cash Game,Omaha - PL,$0.10/$0.25
6/1/2017,5:40:40 PM,6/1/2017,7:00:21 PM,pmarr,Chrystal,Cash Game,Omaha - PL,$0.10/$0.25
6/1/2017,5:41:47 PM,6/1/2017,7:01:34 PM,pmarr,Colleen,Cash Game,Omaha - PL,$0.10/$0.25
6/1/2017,5:42:54 PM,6/1/2017,7:02:47 PM,pmarr,Alison,Cash Game,Omaha - PL,$0.10/$0.25
6/1/2017,5:44:01 PM,6/1/2017,7:04:00 PM,pmarr,Cidero,Cash Game,Omaha - PL,$0.10/$0.25
6/1/2017,5:45:08 PM,6/1/2017,7:05:13 PM,pmarr,Cieran,Cash Game,Omaha - PL,$0.10/$0.25
6/1/2017,5:46:15 PM,6/1/2017,7:06:26 PM,pmarr,Connor,Cash Game,Omaha - PL,$0.10/$0.25
6/1/2017,5:47:22 PM,6/1/2017,7:07:39 PM,pmarr,Coast,Cash Game,Omaha - PL,$0.10/$0.25
6/1/2017,5:48:29 PM,6/1/2017,7:08:52 PM,pmarr,Christal,Cash Game,Omaha - PL,$0.10/$0.25
6/1/2017,5:49:36 PM,6/1/2017,7:10:05 PM,pmarr,Christer,Cash Game,Omaha - PL,$0.10/$0.25
6/1/2017,5:50:43 PM,6/1/2017,7:11:18 PM,pmarr,Christoph,Cash Game,Omaha - PL,$0.10/$0.25
6/1/2017,5:51:50 PM,6/1/2017,7:12:31 PM,pmarr,Chrystal,Cash Game,Omaha - PL,$0.10/$0.25
6/1/2017,5:52:57 PM,6/1/2017,7:13:44 PM,pmarr,Colleen,Cash Game,Omaha - PL,$0.10/$0.25
6/1/2017,5:54:04 PM,6/1/2017,7:14:57 PM,pmarr,Alison,Cash Game,Omaha - PL,$0.10/$0.25
6/1/2017,5:55:11 PM,6/1/2017,7:16:10 PM,pmarr,Cidero,Cash Game,Omaha - PL,$0.10/$0.25
6/1/2017,5:56:18 PM,6/1/2017,7:17:23 PM,pmarr,Cieran,Cash Game,Omaha - PL,$0.10/$0.25
6/1/2017,5:57:25 PM,6/1/2017,7:18:36 PM,pmarr,Connor,Cash Game,Omaha - PL,$0.10/$0.25
6/1/2017,5:58:32 PM,6/1/2017,7:19:49 PM,pmarr,Coast,Cash Game,Omaha - PL,$0.10/$0.25
6/1/2017,5:59:39 PM,6/1/2017,7:21:02 PM,pmarr,Christal,Cash Game,Omaha - PL,$0.10/$0.25
6/1/2017,6:00:46 PM,6/1/2017,7:22:15 PM,pmarr,Christer,Cash Game,Omaha - PL,$0.10/$0.25
6/1/2017,6:01:53 PM,6/1/2017,7:23:28 PM,pmarr,Christoph,Cash Game,Omaha - PL,$0.10/$0.25
6/1/2017,6:03:00 PM,6/1/2017,7:24:41 PM,pmarr,Chrystal,Cash Game,Omaha - PL,$0.10/$0.25
6/1/2017,6:04:07 PM,6/1/2017,7:25:54 PM,pmarr,Colleen,Cash Game,Omaha - PL,$0.10/$0.25
6/1/2017,6:05:14 PM,6/1/2017,7:27:07 PM,pmarr,Alison,Cash Game,Omaha - PL,$0.10/$0.25
6/1/2017,6:06:21 PM,6/1/2017,7:28:20 PM,pmarr,Cidero,Cash Game,Omaha - PL,$0.10/$0.25
6/1/2017,6:07:28 PM,6/1/2017,7:29:33 PM,pmarr,Cieran,Cash Game,Omaha - PL,$0.10/$0.25
6/1/2017,6:08:35 PM,6/1/2017,7:30:46 PM,pmarr,Connor,Cash Game,Omaha - PL,$0.10/$0.25
6/1/2017,6:09:42 PM,6/1/2017,7:31:59 PM,pmarr,Coast,Cash Game,Omaha - PL,$0.10/$0.25
6/1/2017,6:10:49 PM,6/1/2017,7:33:12 PM,pmarr,Christal,Cash Game,Omaha - PL,$0.10/$0.25
6/1/2017,6:11:56 PM,6/1/2017,7:34:25 PM,pmarr,Christer,Cash Game,Omaha - PL,$0.10/$0.25
6/1/2017,6:13:03 PM,6/1/2017,7:35:38 PM,pmarr,Christoph,Cash Game,Omaha - PL,$0.10/$0.25
6/1/2017,6:14:10 PM,6/1/2017,7:36:51 PM,pmarr,Chrystal,Cash Game,Omaha - PL,$0.10/$0.25
6/1/2017,6:15:17 PM,6/1/2017,7:38:04 PM,pmarr,Colleen,Cash Game,Omaha - PL,$0.10/$0.25
6/1/2017,6:16:24 PM,6/1/2017,7:39:17 PM,pmarr,Alison,Cash Game,Omaha - PL,$0.10/$0.25
6/1/2017,6:17:31 PM,6/1/2017,7:40:30 PM,pmarr,Cidero,Cash Game,Omaha - PL,$0.10/$0.25
6/1/2017,6:18:38 PM,6/1/2017,7:41:43 PM,pmarr,Cieran,Cash Game,Omaha - PL,$0.10/$0.25
6/1/2017,6:19:45 PM,6/1/2017,7:42:56 PM,pmarr,Connor,Cash Game,Omaha - PL,$0.10/$0.25
6/1/2017,6:20:52 PM,6/1/2017,7:44:09 PM,pmarr,Coast,Cash Game,Omaha - PL,$0.10/$0.25
6/1/2017,6:21:59 PM,6/1/2017,7:45:22 PM,pmarr,Christal,Cash Game,Omaha - PL,$0.10/$0.25
6/1/2017,6:23:06 PM,6/1/2017,7:46:35 PM,pmarr,Christer,Cash Game,Omaha - PL,$0.10/$0.25
6/1/2017,6:24:13 PM,6/1/2017,7:47:48 PM,pmarr,Christoph,Cash Game,Omaha - PL,$0.10/$0.25
6/1/2017,6:25:20 PM,6/1/2017,7:49:01 PM,pmarr,Chrystal,Cash Game,Omaha - PL,$0.10/$0.25
6/1/2017,6:26:27 PM,6/1/2017,7:50:14 PM,pmarr,Colleen,Cash Game,Omaha - PL,$0.10/$0.25
6/1/2017,6:27:34 PM,6/1/2017,7:51:27 PM,pmarr,Alison,Cash Game,Omaha - PL,$0.10/$0.25
6/1/2017,6:28:41 PM,6/1/2017,7:52:40 PM,pmarr,Cidero,Cash Game,Omaha - PL,$0.10/$0.25
6/1/2017,6:29:48 PM,6/1/2017,7:53:53 PM,pmarr,Cieran,Cash Game,Omaha - PL,$0.10/$0.25
6/1/2017,6:30:55 PM,6/1/2017,7:55:06 PM,pmarr,Connor,Cash Game,Omaha - PL,$0.10/$0.25
6/1/2017,6:32:02 PM,6/1/2017,7:56:19 PM,pmarr,Coast,Cash Game,Omaha - PL,$0.10/$0.25
6/1/2017,6:33:09 PM,6/1/2017,7:57:32 PM,pmarr,Christal,Cash Game,Omaha - PL,$0.10/$0.25
6/1/2017,6:34:16 PM,6/1/2017,7:58:45 PM,pmarr,Christer,Cash Game,Omaha - PL,$0.10/$0.25
6/1/2017,6:35:23 PM,6/1/2017,7:59:58 PM,pmarr,Christoph,Cash Game,Omaha - PL,$0.10/$0.25
6/1/2017,6:36:30 PM,6/1/2017,8:01:11 PM,pmarr,Chrystal,Cash Game,Omaha - PL,$0.10/$0.25
6/1/2017,6:37:37 PM,6/1/2017,8:02:24 PM,pmarr,Colleen,Cash Game,Omaha - PL,$0.10/$0.25
6/1/2017,6:38:44 PM,6/1/2017,8:03:37 PM,pmarr,Alison,Cash Game,Omaha - PL,$0.10/$0.25
6/1/2017,6:39:51 PM,6/1/2017,8:04:50 PM,pmarr,Cidero,Cash Game,Omaha - PL,$0.10/$0.25
6/1/2017,6:40:58 PM,6/1/2017,8:06:03 PM,pmarr,Cieran,Cash Game,Omaha - PL,$0.10/$0.25
6/1/2017,6:42:05 PM,6/1/2017,8:07:16 PM,pmarr,Connor,Cash Game,Omaha - PL,$0.10/$0.25
6/1/2017,6:43:12 PM,6/1/2017,8:08:29 PM,pmarr,Coast,Cash Game,Omaha - PL,$0.10/$0.25
6/1/2017,6:44:19 PM,6/1/2017,8:09:42 PM,pmarr,Christal,Cash Game,Omaha - PL,$0.10/$0.25
6/1/2017,6:45:26 PM,6/1/2017,8:10:55 PM,pmarr,Christer,Cash Game,Omaha - PL,$0.10/$0.25
6/1/2017,6:46:33 PM,6/1/2017,8:12:08 PM,pmarr,Christoph,Cash Game,Omaha - PL,$0.10/$0.25
6/1/2017,6:47:40 PM,6/1/2017,8:13:21 PM,pmarr,Chrystal,Cash Game,Omaha - PL,$0.10/$0.25
6/1/2017,6:48:47 PM,6/1/2017,8:14:34 PM,pmarr,Colleen,Cash Game,Omaha - PL,$0.10/$0.25
6/1/2017,6:49:54 PM,6/1/2017,8:15:47 PM,pmarr,Alison,Cash Game,Omaha - PL,$0.10/$0.25
6/1/2017,6:51:01 PM,6/1/2017,8:17:00 PM,pmarr,Cidero,Cash Game,Omaha - PL,$0.10/$0.25
6/1/2017,6:52:08 PM,6/1/2017,8:18:13 PM,pmarr,Cieran,Cash Game,Omaha - PL,$0.10/$0.25
6/1/2017,6:53:15 PM,6/1/2017,8:19:26 PM,pmarr,Connor,Cash Game,Omaha - PL,$0.10/$0.25
6/1/2017,6:54:22 PM,6/1/2017,8:20:39 PM,pmarr,Coast,Cash Game,Omaha - PL,$0.10/$0.25
6/1/2017,6:55:29 PM,6/1/2017,8:21:52 PM,pmarr,Christal,Cash Game,Omaha - PL,$0.10/$0.25
6/1/2017,6:56:36 PM,6/1/2017,8:23:05 PM,pmarr,Christer,Cash Game,Omaha - PL,$0.10/$0.25
6/1/2017,6:57:43 PM,6/1/2017,8:24:18 PM,pmarr,Christoph,Cash Game,Omaha - PL,$0.10/$0.25
6/1/2017,6:58:50 PM,6/1/2017,8:25:31 PM,pmarr,Chrystal,Cash Game,Omaha - PL,$0.10/$0.25
6/1/2017,6:59:57 PM,6/1/2017,8:26:44 PM,pmarr,Colleen,Cash Game,Omaha - PL,$0.10/$0.25
6/1/2017,7:01:04 PM,6/1/2017,8:27:57 PM,pmarr,Alison,Cash Game,Omaha - PL,$0.10/$0.25
6/1/2017,7:02:11 PM,6/1/2017,8:29:10 PM,pmarr,Cidero,Cash Game,Omaha - PL,$0.10/$0.25
6/1/2017,7:03:18 PM,6/1/2017,8:30:23 PM,pmarr,Cieran,Cash Game,Omaha - PL,$0.10/$0.25
6/1/2017,7:04:25 PM,6/1/2017,8:31:36 PM,pmarr,Connor,Cash Game,Omaha - PL,$0.10/$0.25
6/1/2017,7:05:32 PM,6/1/2017,8:32:49 PM,pmarr,Coast,Cash Game,Omaha - PL,$0.10/$0.25
6/1/2017,7:06:39 PM,6/1/2017,8:34:02 PM,pmarr,Christal,Cash Game,Omaha - PL,$0.10/$0.25
6/1/2017,7:07:46 PM,6/1/2017,8:35:15 PM,pmarr,Christer,Cash Game,Omaha - PL,$0.10/$0.25
6/1/2017,7:08:53 PM,6/1/2017,8:36:28 PM,pmarr,Christoph,Cash Game,Omaha - PL,$0.10/$0.25
6/1/2017,7:10:00 PM,6/1/2017,8:37:41 PM,pmarr,Chrystal,Cash Game,Omaha - PL,$0.10/$0.25
6/1/2017,7:11:07 PM,6/1/2017,8:38:54 PM,pmarr,Colleen,Cash Game,Omaha - PL,$0.10/$0.25
6/1/2017,7:12:14 PM,6/1/2017,8:40:07 PM,pmarr,Alison,Cash Game,Omaha - PL,$0.10/$0.25
6/1/2017,7:13:21 PM,6/1/2017,8:41:20 PM,pmarr,Cidero,Cash Game,Omaha - PL,$0.10/$0.25
6/1/2017,7:14:28 PM,6/1/2017,8:42:33 PM,pmarr,Cieran,Cash Game,Omaha - PL,$0.10/$0.25
6/1/2017,7:15:35 PM,6/1/2017,8:43:46 PM,pmarr,Connor,Cash Game,Omaha - PL,$0.10/$0.25
6/1/2017,7:16:42 PM,6/1/2017,8:44:59 PM,pmarr,Coast,Cash Game,Omaha - PL,$0.10/$0.25
6/1/2017,7:17:49 PM,6/1/2017,8:46:12 PM,pmarr,Christal,Cash Game,Omaha - PL,$0.10/$0.25
6/1/2017,7:18:56 PM,6/1/2017,8:47:25 PM,pmarr,Christer,Cash Game,Omaha - PL,$0.10/$0.25
6/1/2017,7:20:03 PM,6/1/2017,8:48:38 PM,pmarr,Christoph,Cash Game,Omaha - PL,$0.10/$0.25
6/1/2017,7:21:10 PM,6/1/2017,8:49:51 PM,pmarr,Chrystal,Cash Game,Omaha - PL,$0.10/$0.25
6/1/2017,7:22:17 PM,6/1/2017,8:51:04 PM,pmarr,Colleen,Cash Game,Omaha - PL,$0.10/$0.25
6/1/2017,7:23:24 PM,6/1/2017,8:52:17 PM,pmarr,Alison,Cash Game,Omaha - PL,$0.10/$0.25
6/1/2017,7:24:31 PM,6/1/2017,8:53:30 PM,pmarr,Cidero,Cash Game,Omaha - PL,$0.10/$0.25
6/1/2017,7:25:38 PM,6/1/2017,8:54:43 PM,pmarr,Cieran,Cash Game,Omaha - PL,$0.10/$0.25
6/1/2017,7:26:45 PM,6/1/2017,8:55:56 PM,pmarr,Connor,Cash Game,Omaha - PL,$0.10/$0.25
6/1/2017,7:27:52 PM,6/1/2017,8:57:09 PM,pmarr,Coast,Cash Game,Omaha - PL,$0.10/$0.25
6/1/2017,7:28:59 PM,6/1/2017,8:58:22 PM,pmarr,Christal,Cash Game,Omaha - PL,$0.10/$0.25
6/1/2017,7:30:06 PM,6/1/2017,8:59:35 PM,pmarr,Christer,Cash Game,Omaha - PL,$0.10/$0.25
6/1/2017,7:31:13 PM,6/1/2017,9:00:48 PM,pmarr,Christoph,Cash Game,Omaha - PL,$0.10/$0.25
6/1/2017,7:32:20 PM,6/1/2017,9:02:01 PM,pmarr,Chrystal,Cash Game,Omaha - PL,$0.10/$0.25
6/1/2017,7:33:27 PM,6/1/2017,9:03:14 PM,pmarr,Colleen,Cash Game,Omaha - PL,$0.10/$0.25
6/1/2017,7:34:34 PM,6/1/2017,9:04:27 PM,pmarr,Alison,Cash Game,Omaha - PL,$0.10/$0.25
6/1/2017,7:35:41 PM,6/1/2017,9:05:40 PM,pmarr,Cidero,Cash Game,Omaha - PL,$0.10/$0.25
6/1/2017,7:36:48 PM,6/1/2017,9:06:53 PM,pmarr,Cieran,Cash Game,Omaha - PL,$0.10/$0.25
6/1/2017,7:37:55 PM,6/1/2017,9:08:06 PM,pmarr,Connor,Cash Game,Omaha - PL,$0.10/$0.25
6/1/2017,7:39:02 PM,6/1/2017,9:09:19 PM,pmarr,Coast,Cash Game,Omaha - PL,$0.10/$0.25
6/1/2017,7:40:09 PM,6/1/2017,9:10:32 PM,pmarr,Christal,Cash Game,Omaha - PL,$0.10/$0.25
6/1/2017,7:41:16 PM,6/1/2017,9:11:45 PM,pmarr,Christer,Cash Game,Omaha - PL,$0.10/$0.25
6/1/2017,7:42:23 PM,6/1/2017,9:12:58 PM,pmarr,Christoph,Cash Game,Omaha - PL,$0.10/$0.25
6/1/2017,7:43:30 PM,6/1/2017,9:14:11 PM,pmarr,Chrystal,Cash Game,Omaha - PL,$0.10/$0.25
6/1/2017,7:44:37 PM,6/1/2017,9:15:24 PM,pmarr,Colleen,Cash Game,Omaha - PL,$0.10/$0.25
6/1/2017,7:45:44 PM,6/1/2017,9:16:37 PM,pmarr,Alison,Cash Game,Omaha - PL,$0.10/$0.25
6/1/2017,7:46:51 PM,6/1/2017,9:17:50 PM,pmarr,Cidero,Cash Game,Omaha - PL,$0.10/$0.25
6/1/2017,7:47:58 PM,6/1/2017,9:19:03 PM,pmarr,Cieran,Cash Game,Omaha - PL,$0.10/$0.25
6/1/2017,7:49:05 PM,6/1/2017,9:20:16 PM,pmarr,Connor,Cash Game,Omaha - PL,$0.10/$0.25
6/1/2017,7:50:12 PM,6/1/2017,9:21:29 PM,pmarr,Coast,Cash Game,Omaha - PL,$0.10/$0.25
6/1/2017,7:51:19 PM,6/1/2017,9:22:42 PM,pmarr,Christal,Cash Game,Omaha - PL,$0.10/$0.25
6/1/2017,7:52:26 PM,6/1/2017,9:23:55 PM,pmarr,Christer,Cash Game,Omaha - PL,$0.10/$0.25
6/1/2017,7:53:33 PM,6/1/2017,9:25:08 PM,pmarr,Christoph,Cash Game,Omaha - PL,$0.10/$0.25
6/1/2017,7:54:40 PM,6/1/2017,9:26:21 PM,pmarr,Chrystal,Cash Game,Omaha - PL,$0.10/$0.25
6/1/2017,7:55:47 PM,6/1/2017,9:27:34 PM,pmarr,Colleen,Cash Game,Omaha - PL,$0.10/$0.25
6/1/2017,7:56:54 PM,6/1/2017,9:28:47 PM,pmarr,Alison,Cash Game,Omaha - PL,$0.10/$0.25
6/1/2017,7:58:01 PM,6/1/2017,9:30:00 PM,pmarr,Cidero,Cash Game,Omaha - PL,$0.10/$0.25
6/1/2017,7:59:08 PM,6/1/2017,9:31:13 PM,pmarr,Cieran,Cash Game,Omaha - PL,$0.10/$0.25
6/1/2017,8:00:15 PM,6/1/2017,9:32:26 PM,pmarr,Connor,Cash Game,Omaha - PL,$0.10/$0.25
6/1/2017,8:01:22 PM,6/1/2017,9:33:39 PM,pmarr,Coast,Cash Game,Omaha - PL,$0.10/$0.25
6/1/2017,8:02:29 PM,6/1/2017,9:34:52 PM,pmarr,Christal,Cash Game,Omaha - PL,$0.10/$0.25
6/1/2017,8:03:36 PM,6/1/2017,9:36:05 PM,pmarr,Christer,Cash Game,Omaha - PL,$0.10/$0.25
6/1/2017,8:04:43 PM,6/1/2017,9:37:18 PM,pmarr,Christoph,Cash Game,Omaha - PL,$0.10/$0.25
6/1/2017,8:05:50 PM,6/1/2017,9:38:31 PM,pmarr,Chrystal,Cash Game,Omaha - PL,$0.10/$0.25
6/1/2017,8:06:57 PM,6/1/2017,9:39:44 PM,pmarr,Colleen,Cash Game,Omaha - PL,$0.10/$0.25
6/1/2017,8:08:04 PM,6/1/2017,9:40:57 PM,pmarr,Alison,Cash Game,Omaha - PL,$0.10/$0.25
6/1/2017,8:09:11 PM,6/1/2017,9:42:10 PM,pmarr,Cidero,Cash Game,Omaha - PL,$0.10/$0.25
6/1/2017,8:10:18 PM,6/1/2017,9:43:23 PM,pmarr,Cieran,Cash Game,Omaha - PL,$0.10/$0.25
6/1/2017,8:11:25 PM,6/1/2017,9:44:36 PM,pmarr,Connor,Cash Game,Omaha - PL,$0.10/$0.25
6/1/2017,8:12:32 PM,6/1/2017,9:45:49 PM,pmarr,Coast,Cash Game,Omaha - PL,$0.10/$0.25
6/1/2017,8:13:39 PM,6/1/2017,9:47:02 PM,pmarr,Christal,Cash Game,Omaha - PL,$0.10/$0.25
6/1/2017,8:14:46 PM,6/1/2017,9:48:15 PM,pmarr,Christer,Cash Game,Omaha - PL,$0.10/$0.25
6/1/2017,8:15:53 PM,6/1/2017,9:49:28 PM,pmarr,Christoph,Cash Game,Omaha - PL,$0.10/$0.25
6/1/2017,8:17:00 PM,6/1/2017,9:50:41 PM,pmarr,Chrystal,Cash Game,Omaha - PL,$0.10/$0.25
6/1/2017,8:18:07 PM,6/1/2017,9:51:54 PM,pmarr,Colleen,Cash Game,Omaha - PL,$0.10/$0.25
6/1/2017,8:19:14 PM,6/1/2017,9:53:07 PM,pmarr,Alison,Cash Game,Omaha - PL,$0.10/$0.25
6/1/2017,8:20:21 PM,6/1/2017,9:54:20 PM,pmarr,Cidero,Cash Game,Omaha - PL,$0.10/$0.25
6/1/2017,8:21:28 PM,6/1/2017,9:55:33 PM,pmarr,Cieran,Cash Game,Omaha - PL,$0.10/$0.25
6/1/2017,8:22:35 PM,6/1/2017,9:56:46 PM,pmarr,Connor,Cash Game,Omaha - PL,$0.10/$0.25
6/1/2017,8:23:42 PM,6/1/2017,9:57:59 PM,pmarr,Coast,Cash Game,Omaha - PL,$0.10/$0.25
6/1/2017,8:24:49 PM,6/1/2017,9:59:12 PM,pmarr,Christal,Cash Game,Omaha - PL,$0.10/$0.25
6/1/2017,8:25:56 PM,6/1/2017,10:00:25 PM,pmarr,Christer,Cash Game,Omaha - PL,$0.10/$0.25
6/1/2017,8:27:03 PM,6/1/2017,10:01:38 PM,pmarr,Christoph,Cash Game,Omaha - PL,$0.10/$0.25
6/1/2017,8:28:10 PM,6/1/2017,10:02:51 PM,pmarr,Chrystal,Cash Game,Omaha - PL,$0.10/$0.25
6/1/2017,8:29:17 PM,6/1/2017,10:04:04 PM,pmarr,Colleen,Cash Game,Omaha - PL,$0.10/$0.25
6/1/2017,8:30:24 PM,6/1/2017,10:05:17 PM,pmarr,Alison,Cash Game,Omaha - PL,$0.10/$0.25
6/1/2017,8:31:31 PM,6/1/2017,10:06:30 PM,pmarr,Cidero,Cash Game,Omaha - PL,$0.10/$0.25
6/1/2017,8:32:38 PM,6/1/2017,10:07:43 PM,pmarr,Cieran,Cash Game,Omaha - PL,$0.10/$0.25
6/1/2017,8:33:45 PM,6/1/2017,10:08:56 PM,pmarr,Connor,Cash Game,Omaha - PL,$0.10/$0.25
6/1/2017,8:34:52 PM,6/1/2017,10:10:09 PM,pmarr,Coast,Cash Game,Omaha - PL,$0.10/$0.25
6/1/2017,8:35:59 PM,6/1/2017,10:11:22 PM,pmarr,Christal,Cash Game,Omaha - PL,$0.10/$0.25
6/1/2017,8:37:06 PM,6/1/2017,10:12:35 PM,pmarr,Christer,Cash Game,Omaha - PL,$0.10/$0.25
6/1/2017,8:38:13 PM,6/1/2017,10:13:48 PM,pmarr,Christoph,Cash Game,Omaha - PL,$0.10/$0.25
6/1/2017,8:39:20 PM,6/1/2017,10:15:01 PM,pmarr,Chrystal,Cash Game,Omaha - PL,$0.10/$0.25
6/1/2017,8:40:27 PM,6/1/2017,10:16:14 PM,pmarr,Colleen,Cash Game,Omaha - PL,$0.10/$0.25
6/1/2017,8:41:34 PM,6/1/2017,10:17:27 PM,pmarr,Alison,Cash Game,Omaha - PL,$0.10/$0.25
6/1/2017,8:42:41 PM,6/1/2017,10:18:40 PM,pmarr,Cidero,Cash Game,Omaha - PL,$0.10/$0.25
6/1/2017,8:43:48 PM,6/1/2017,10:19:53 PM,pmarr,Cieran,Cash Game,Omaha - PL,$0.10/$0.25
6/1/2017,8:44:55 PM,6/1/2017,10:21:06 PM,pmarr,Connor,Cash Game,Omaha - PL,$0.10/$0.25
6/1/2017,8:46:02 PM,6/1/2017,10:22:19 PM,pmarr,Coast,Cash Game,Omaha - PL,$0.10/$0.25
6/1/2017,8:47:09 PM,6/1/2017,10:23:32 PM,pmarr,Christal,Cash Game,Omaha - PL,$0.10/$0.25
6/1/2017,8:48:16 PM,6/1/2017,10:24:45 PM,pmarr,Christer,Cash Game,Omaha - PL,$0.10/$0.25
6/1/2017,8:49:23 PM,6/1/2017,10:25:58 PM,pmarr,Christoph,Cash Game,Omaha - PL,$0.10/$0.25
6/1/2017,8:50:30 PM,6/1/2017,10:27:11 PM,pmarr,Chrystal,Cash Game,Omaha - PL,$0.10/$0.25
6/1/2017,8:51:37 PM,6/1/2017,10:28:24 PM,pmarr,Colleen,Cash Game,Omaha - PL,$0.10/$0.25
6/1/2017,8:52:44 PM,6/1/2017,10:29:37 PM,pmarr,Alison,Cash Game,Omaha - PL,$0.10/$0.25
6/1/2017,8:53:51 PM,6/1/2017,10:30:50 PM,pmarr,Cidero,Cash Game,Omaha - PL,$0.10/$0.25
6/1/2017,8:54:58 PM,6/1/2017,10:32:03 PM,pmarr,Cieran,Cash Game,Omaha - PL,$0.10/$0.25
6/1/2017,8:56:05 PM,6/1/2017,10:33:16 PM,pmarr,Connor,Cash Game,Omaha - PL,$0.10/$0.25
6/1/2017,8:57:12 PM,6/1/2017,10:34:29 PM,pmarr,Coast,Cash Game,Omaha - PL,$0.10/$0.25
6/1/2017,8:58:19 PM,6/1/2017,10:35:42 PM,pmarr,Christal,Cash Game,Omaha - PL,$0.10/$0.25
6/1/2017,8:59:26 PM,6/1/2017,10:36:55 PM,pmarr,Christer,Cash Game,Omaha - PL,$0.10/$0.25
6/1/2017,9:00:33 PM,6/1/2017,10:38:08 PM,pmarr,Christoph,Cash Game,Omaha - PL,$0.10/$0.25
6/1/2017,9:01:40 PM,6/1/2017,10:39:21 PM,pmarr,Chrystal,Cash Game,Omaha - PL,$0.10/$0.25
6/1/2017,9:02:47 PM,6/1/2017,10:40:34 PM,pmarr,Colleen,Cash Game,Omaha - PL,$0.10/$0.25
6/1/2017,9:03:54 PM,6/1/2017,10:41:47 PM,pmarr,Alison,Cash Game,Omaha - PL,$0.10/$0.25
6/1/2017,9:05:01 PM,6/1/2017,10:43:00 PM,pmarr,Cidero,Cash Game,Omaha - PL,$0.10/$0.25
6/1/2017,9:06:08 PM,6/1/2017,10:44:13 PM,pmarr,Cieran,Cash Game,Omaha - PL,$0.10/$0.25
6/1/2017,9:07:15 PM,6/1/2017,10:45:26 PM,pmarr,Connor,Cash Game,Omaha - PL,$0.10/$0.25
6/1/2017,9:08:22 PM,6/1/2017,10:46:39 PM,pmarr,Coast,Cash Game,Omaha - PL,$0.10/$0.25
6/1/2017,9:09:29 PM,6/1/2017,10:47:52 PM,pmarr,Christal,Cash Game,Omaha - PL,$0.10/$0.25
6/1/2017,9:10:36 PM,6/1/2017,10:49:05 PM,pmarr,Christer,Cash Game,Omaha - PL,$0.10/$0.25
6/1/2017,9:11:43 PM,6/1/2017,10:50:18 PM,pmarr,Christoph,Cash Game,Omaha - PL,$0.10/$0.25
6/1/2017,9:12:50 PM,6/1/2017,10:51:31 PM,pmarr,Chrystal,Cash Game,Omaha - PL,$0.10/$0.25
6/1/2017,9:13:57 PM,6/1/2017,10:52:44 PM,pmarr,Colleen,Cash Game,Omaha - PL,$0.10/$0.25
6/1/2017,9:15:04 PM,6/1/2017,10:53:57 PM,pmarr,Alison,Cash Game,Omaha - PL,$0.10/$0.25
6/1/2017,9:16:11 PM,6/1/2017,10:55:10 PM,pmarr,Cidero,Cash Game,Omaha - PL,$0.10/$0.25
6/1/2017,9:17:18 PM,6/1/2017,10:56:23 PM,pmarr,Cieran,Cash Game,Omaha - PL,$0.10/$0.25
6/1/2017,9:18:25 PM,6/1/2017,10:57:36 PM,pmarr,Connor,Cash Game,Omaha - PL,$0.10/$0.25
6/1/2017,9:19:32 PM,6/1/2017,10:58:49 PM,pmarr,Coast,Cash Game,Omaha - PL,$0.10/$0.25
6/1/2017,9:20:39 PM,6/1/2017,11:00:02 PM,pmarr,Christal,Cash Game,Omaha - PL,$0.10/$0.25
6/1/2017,9:21:46 PM,6/1/2017,11:01:15 PM,pmarr,Christer,Cash Game,Omaha - PL,$0.10/$0.25
6/1/2017,9:22:53 PM,6/1/2017,11:02:28 PM,pmarr,Christoph,Cash Game,Omaha - PL,$0.10/$0.25
6/1/2017,9:24:00 PM,6/1/2017,11:03:41 PM,pmarr,Chrystal,Cash Game,Omaha - PL,$0.10/$0.25
6/1/2017,9:25:07 PM,6/1/2017,11:04:54 PM,pmarr,Colleen,Cash Game,Omaha - PL,$0.10/$0.25
6/1/2017,9:26:14 PM,6/1/2017,11:06:07 PM,pmarr,Alison,Cash Game,Omaha - PL,$0.10/$0.25
6/1/2017,9:27:21 PM,6/1/2017,11:07:20 PM,pmarr,Cidero,Cash Game,Omaha - PL,$0.10/$0.25
6/1/2017,9:28:28 PM,6/1/2017,11:08:33 PM,pmarr,Cieran,Cash Game,Omaha - PL,$0.10/$0.25
6/1/2017,9:29:35 PM,6/1/2017,11:09:46 PM,pmarr,Connor,Cash Game,Omaha - PL,$0.10/$0.25
6/1/2017,9:30:42 PM,6/1/2017,11:10:59 PM,pmarr,Coast,Cash Game,Omaha - PL,$0.10/$0.25
6/1/2017,9:31:49 PM,6/1/2017,11:12:12 PM,pmarr,Christal,Cash Game,Omaha - PL,$0.10/$0.25
6/1/2017,9:32:56 PM,6/1/2017,11:13:25 PM,pmarr,Christer,Cash Game,Omaha - PL,$0.10/$0.25
6/1/2017,9:34:03 PM,6/1/2017,11:14:38 PM,pmarr,Christoph,Cash Game,Omaha - PL,$0.10/$0.25
6/1/2017,9:35:10 PM,6/1/2017,11:15:51 PM,pmarr,Chrystal,Cash Game,Omaha - PL,$0.10/$0.25
6/1/2017,9:36:17 PM,6/1/2017,11:17:04 PM,pmarr,Colleen,Cash Game,Omaha - PL,$0.10/$0.25
6/1/2017,9:37:24 PM,6/1/2017,11:18:17 PM,pmarr,Alison,Cash Game,Omaha - PL,$0.10/$0.25
6/1/2017,9:38:31 PM,6/1/2017,11:19:30 PM,pmarr,Cidero,Cash Game,Omaha - PL,$0.10/$0.25
6/1/2017,9:39:38 PM,6/1/2017,11:20:43 PM,pmarr,Cieran,Cash Game,Omaha - PL,$0.10/$0.25
6/1/2017,9:40:45 PM,6/1/2017,11:21:56 PM,pmarr,Connor,Cash Game,Omaha - PL,$0.10/$0.25
6/1/2017,9:41:52 PM,6/1/2017,11:23:09 PM,pmarr,Coast,Cash Game,Omaha - PL,$0.10/$0.25
6/1/2017,9:42:59 PM,6/1/2017,11:24:22 PM,pmarr,Christal,Cash Game,Omaha - PL,$0.10/$0.25
6/1/2017,9:44:06 PM,6/1/2017,11:25:35 PM,pmarr,Christer,Cash Game,Omaha - PL,$0.10/$0.25
6/1/2017,9:45:13 PM,6/1/2017,11:26:48 PM,pmarr,Christoph,Cash Game,Omaha - PL,$0.10/$0.25
6/1/2017,9:46:20 PM,6/1/2017,11:28:01 PM,pmarr,Chrystal,Cash Game,Omaha - PL,$0.10/$0.25
6/1/2017,9:47:27 PM,6/1/2017,11:29:14 PM,pmarr,Colleen,Cash Game,Omaha - PL,$0.10/$0.25
6/1/2017,9:48:34 PM,6/1/2017,11:30:27 PM,pmarr,Alison,Cash Game,Omaha - PL,$0.10/$0.25
6/1/2017,9:49:41 PM,6/1/2017,11:31:40 PM,pmarr,Cidero,Cash Game,Omaha - PL,$0.10/$0.25
6/1/2017,9:50:48 PM,6/1/2017,11:32:53 PM,pmarr,Cieran,Cash Game,Omaha - PL,$0.10/$0.25
6/1/2017,9:51:55 PM,6/1/2017,11:34:06 PM,pmarr,Connor,Cash Game,Omaha - PL,$0.10/$0.25
6/1/2017,9:53:02 PM,6/1/2017,11:35:19 PM,pmarr,Coast,Cash Game,Omaha - PL,$0.10/$0.25
6/1/2017,9:54:09 PM,6/1/2017,11:36:32 PM,pmarr,Christal,Cash Game,Omaha - PL,$0.10/$0.25
6/1/2017,9:55:16 PM,6/1/2017,11:37:45 PM,pmarr,Christer,Cash Game,Omaha - PL,$0.10/$0.25
6/1/2017,9:56:23 PM,6/1/2017,11:38:58 PM,pmarr,Christoph,Cash Game,Omaha - PL,$0.10/$0.25
6/1/2017,9:57:30 PM,6/1/2017,11:40:11 PM,pmarr,Chrystal,Cash Game,Omaha - PL,$0.10/$0.25
6/1/2017,9:58:37 PM,6/1/2017,11:41:24 PM,pmarr,Colleen,Cash Game,Omaha - PL,$0.10/$0.25
6/1/2017,9:59:44 PM,6/1/2017,11:42:37 PM,pmarr,Alison,Cash Game,Omaha - PL,$0.10/$0.25
6/1/2017,10:00:51 PM,6/1/2017,11:43:50 PM,pmarr,Cidero,Cash Game,Omaha - PL,$0.10/$0.25
6/1/2017,10:01:58 PM,6/1/2017,11:45:03 PM,pmarr,Cieran,Cash Game,Omaha - PL,$0.10/$0.25
6/1/2017,10:03:05 PM,6/1/2017,11:46:16 PM,pmarr,Connor,Cash Game,Omaha - PL,$0.10/$0.25
6/1/2017,10:04:12 PM,6/1/2017,11:47:29 PM,pmarr,Coast,Cash Game,Omaha - PL,$0.10/$0.25
6/1/2017,10:05:19 PM,6/1/2017,11:48:42 PM,pmarr,Christal,Cash Game,Omaha - PL,$0.10/$0.25
6/1/2017,10:06:26 PM,6/1/2017,11:49:55 PM,pmarr,Christer,Cash Game,Omaha - PL,$0.10/$0.25
6/1/2017,10:07:33 PM,6/1/2017,11:51:08 PM,pmarr,Christoph,Cash Game,Omaha - PL,$0.10/$0.25
6/1/2017,10:08:40 PM,6/1/2017,11:52:21 PM,pmarr,Chrystal,Cash Game,Omaha - PL,$0.10/$0.25
6/1/2017,10:09:47 PM,6/1/2017,11:53:34 PM,pmarr,Colleen,Cash Game,Omaha - PL,$0.10/$0.25
6/1/2017,10:10:54 PM,6/1/2017,11:54:47 PM,pmarr,Alison,Cash Game,Omaha - PL,$0.10/$0.25
6/1/2017,10:12:01 PM,6/1/2017,11:56:00 PM,pmarr,Cidero,Cash Game,Omaha - PL,$0.10/$0.25
6/1/2017,10:13:08 PM,6/1/2017,11:57:13 PM,pmarr,Cieran,Cash Game,Omaha - PL,$0.10/$0.25
6/1/2017,10:14:15 PM,6/1/2017,11:58:26 PM,pmarr,Connor,Cash Game,Omaha - PL,$0.10/$0.25
